{
"type": "FeatureCollection",
"name": "geovetor_lotesMaringá",
"crs": { "type": "name", "properties": { "name": "urn:ogc:def:crs:EPSG::31982" } },
"features": [
{"type":"Feature","properties":{"fid":36323.0,"OBJECTID":185309.0,"COORD_X":404870.78259163001,"COORD_Y":7409360.9769926202,"LONGITUDE":-51.93115487,"LATITUDE":-23.42286204,"ESQUINA":"S"},"geometry":{"type":"MultiPolygon","coordinates":[[[[404891.710400000214577,7409366.503499999642372],[404891.416104779927991,7409365.031953047960997],[404890.903671948704869,7409363.621466357260942],[404890.184777102607768,7409362.304177357815206],[404889.275799999944866,7409361.110100000165403],[404856.677500000223517,7409351.408900000154972],[404852.444099999964237,7409366.013899999670684],[404891.710400000214577,7409366.503499999642372]]]]}},
{"type":"Feature","properties":{"fid":47921.0,"OBJECTID":53307.0,"COORD_X":404609.56250909006,"COORD_Y":7409432.8233971205,"LONGITUDE":-51.93370696,"LATITUDE":-23.42219787,"ESQUINA":"N"},"geometry":{"type":"MultiPolygon","coordinates":[[[[404602.780199999921024,7409412.885499999858439],[404602.904199999757111,7409452.603699999861419],[404616.603099999949336,7409452.498800000175834],[404616.167799999937415,7409425.6848],[404615.958499999716878,7409412.792700000107288],[404602.780199999921024,7409412.885499999858439]]]]}},
{"type":"Feature","properties":{"fid":47922.0,"OBJECTID":53308.0,"COORD_X":404590.18886414001,"COORD_Y":7409432.9247599198,"LONGITUDE":-51.93389657,"LATITUDE":-23.42219582,"ESQUINA":"N"},"geometry":{"type":"MultiPolygon","coordinates":[[[[404577.808899999596179,7409413.0614],[404577.267300000414252,7409452.800099999643862],[404602.904199999757111,7409452.603699999861419],[404602.780199999921024,7409412.885499999858439],[404590.006199999712408,7409412.975499999709427],[404577.808899999596179,7409413.0614]]]]}},
{"type":"Feature","properties":{"fid":47923.0,"OBJECTID":53309.0,"COORD_X":404635.47627372999,"COORD_Y":7409379.7698313612,"LONGITUDE":-51.9334567,"LATITUDE":-23.42267855,"ESQUINA":"S"},"geometry":{"type":"MultiPolygon","coordinates":[[[[404615.509200000204146,7409373.010900000110269],[404615.666500000283122,7409386.942300000227988],[404655.77489999961108,7409386.22829999960959],[404655.71750000026077,7409375.0598],[404654.283200000412762,7409372.83629999961704],[404615.509200000204146,7409373.010900000110269]]]]}},
{"type":"Feature","properties":{"fid":47924.0,"OBJECTID":53310.0,"COORD_X":404635.98067689006,"COORD_Y":7409419.0731773796,"LONGITUDE":-51.93344927,"LATITUDE":-23.4223236,"ESQUINA":"N"},"geometry":{"type":"MultiPolygon","coordinates":[[[[404655.909900000318885,7409412.511300000362098],[404615.958499999716878,7409412.792700000107288],[404616.167799999937415,7409425.6848],[404655.975700000301003,7409425.3185],[404655.909900000318885,7409412.511300000362098]]]]}},
{"type":"Feature","properties":{"fid":47925.0,"OBJECTID":53311.0,"COORD_X":404636.22245333,"COORD_Y":7409438.9077097597,"LONGITUDE":-51.93344565,"LATITUDE":-23.42214448,"ESQUINA":"S"},"geometry":{"type":"MultiPolygon","coordinates":[[[[404656.113800000399351,7409452.19620000012219],[404655.975700000301003,7409425.3185],[404616.167799999937415,7409425.6848],[404616.603099999949336,7409452.498800000175834],[404656.113800000399351,7409452.19620000012219]]]]}},
{"type":"Feature","properties":{"fid":47926.0,"OBJECTID":53312.0,"COORD_X":404530.82536495,"COORD_Y":7409413.2554834196,"LONGITUDE":-51.93447882,"LATITUDE":-23.42236999,"ESQUINA":"N"},"geometry":{"type":"MultiPolygon","coordinates":[[[[404537.976099999621511,7409420.7972999997437],[404551.037200000137091,7409420.653900000266731],[404550.868300000205636,7409416.1036],[404550.846599999815226,7409412.696100000292063],[404550.599999999627471,7409412.692699999548495],[404550.612099999561906,7409405.4835],[404538.173499999567866,7409405.562599999830127],[404524.80599999986589,7409405.647599999792874],[404510.928600000217557,7409405.7358],[404510.9841,7409420.99129999987781],[404512.276499999687076,7409421.0099],[404512.275899999774992,7409421.079599999822676],[404524.385499999858439,7409420.946600000374019],[404537.976099999621511,7409420.7972999997437]]]]}},
{"type":"Feature","properties":{"fid":47940.0,"OBJECTID":53328.0,"COORD_X":404884.38987021009,"COORD_Y":7409521.2773176096,"LONGITUDE":-51.93101156,"LATITUDE":-23.42141503,"ESQUINA":"N"},"geometry":{"type":"MultiPolygon","coordinates":[[[[404891.458700000308454,7409531.303899999707937],[404891.332399999722838,7409511.172899999655783],[404877.408900000154972,7409511.253200000151992],[404877.33600000012666,7409531.284300000406802],[404891.458700000308454,7409531.303899999707937]]]]}},
{"type":"Feature","properties":{"fid":48048.0,"OBJECTID":53362.0,"COORD_X":404601.67333573004,"COORD_Y":7409182.6610987401,"LONGITUDE":-51.93380004,"LATITUDE":-23.42445681,"ESQUINA":"N"},"geometry":{"type":"MultiPolygon","coordinates":[[[[404614.731200000271201,7409190.1754],[404614.605800000019372,7409162.612700000405312],[404588.463700000196695,7409162.404199999757111],[404588.889600000344217,7409202.897199999541044],[404589.436999999918044,7409202.896300000138581],[404614.788800000213087,7409202.855100000277162],[404614.731200000271201,7409190.1754]]]]}},
{"type":"Feature","properties":{"fid":48049.0,"OBJECTID":53363.0,"COORD_X":404634.71065233008,"COORD_Y":7409176.4443786899,"LONGITUDE":-51.93347708,"LATITUDE":-23.42451489,"ESQUINA":"S"},"geometry":{"type":"MultiPolygon","coordinates":[[[[404654.855999999679625,7409162.9337],[404614.605800000019372,7409162.612700000405312],[404614.731200000271201,7409190.1754],[404618.59499999973923,7409190.1754],[404628.322100000455976,7409190.146499999798834],[404639.320600000210106,7409190.113800000399351],[404645.408200000412762,7409190.095800000242889],[404654.855299999937415,7409190.095800000242889],[404654.855999999679625,7409162.9337]]]]}},
{"type":"Feature","properties":{"fid":48050.0,"OBJECTID":53364.0,"COORD_X":404634.81656029,"COORD_Y":7409196.4747394798,"LONGITUDE":-51.93347478,"LATITUDE":-23.42433399,"ESQUINA":"N"},"geometry":{"type":"MultiPolygon","coordinates":[[[[404615.324599999934435,7409202.8542],[404654.855000000447035,7409202.79],[404654.855299999937415,7409190.095800000242889],[404645.408200000412762,7409190.095800000242889],[404639.320600000210106,7409190.113800000399351],[404628.322100000455976,7409190.146499999798834],[404618.59499999973923,7409190.1754],[404614.731200000271201,7409190.1754],[404614.788800000213087,7409202.855100000277162],[404615.324599999934435,7409202.8542]]]]}},
{"type":"Feature","properties":{"fid":48128.0,"OBJECTID":53365.0,"COORD_X":404635.00390409998,"COORD_Y":7409209.2371253604,"LONGITUDE":-51.93347213,"LATITUDE":-23.42421874,"ESQUINA":"N"},"geometry":{"type":"MultiPolygon","coordinates":[[[[404654.854700000025332,7409215.464700000360608],[404654.855000000447035,7409202.79],[404615.324599999934435,7409202.8542],[404615.2955,7409215.834800000302494],[404654.854700000025332,7409215.464700000360608]]]]}},
{"type":"Feature","properties":{"fid":60783.0,"OBJECTID":67999.0,"COORD_X":404769.73183384998,"COORD_Y":7409531.988097121,"LONGITUDE":-51.93213306,"LATITUDE":-23.4213116,"ESQUINA":"N"},"geometry":{"type":"MultiPolygon","coordinates":[[[[404776.973100000061095,7409511.831799999810755],[404762.575000000186265,7409511.895499999634922],[404762.356100000441074,7409552.060399999842048],[404777.034199999645352,7409551.907200000248849],[404776.973100000061095,7409511.831799999810755]]]]}},
{"type":"Feature","properties":{"fid":60784.0,"OBJECTID":68000.0,"COORD_X":404755.18536238,"COORD_Y":7409531.9221650502,"LONGITUDE":-51.93227544,"LATITUDE":-23.42131135,"ESQUINA":"N"},"geometry":{"type":"MultiPolygon","coordinates":[[[[404747.782200000248849,7409511.960900000296533],[404748.038900000043213,7409552.209699999541044],[404762.356100000441074,7409552.060399999842048],[404762.575000000186265,7409511.895499999634922],[404762.389200000092387,7409511.896300000138581],[404747.782200000248849,7409511.960900000296533]]]]}},
{"type":"Feature","properties":{"fid":60785.0,"OBJECTID":68001.0,"COORD_X":404740.57703968999,"COORD_Y":7409532.1501511801,"LONGITUDE":-51.9324184,"LATITUDE":-23.42130844,"ESQUINA":"N"},"geometry":{"type":"MultiPolygon","coordinates":[[[[404733.142699999734759,7409512.025700000114739],[404733.354799999855459,7409552.3629],[404748.038900000043213,7409552.209699999541044],[404747.782200000248849,7409511.960900000296533],[404733.142699999734759,7409512.025700000114739]]]]}},
{"type":"Feature","properties":{"fid":60974.0,"OBJECTID":67906.0,"COORD_X":404264.21842420002,"COORD_Y":7409224.5983276013,"LONGITUDE":-51.93710018,"LATITUDE":-23.42405826,"ESQUINA":"N"},"geometry":{"type":"MultiPolygon","coordinates":[[[[404241.224600000306964,7409244.6256],[404286.93709999974817,7409244.4441],[404287.086600000038743,7409204.571899999864399],[404286.456299999728799,7409204.573200000450015],[404262.00690000038594,7409204.6255],[404241.657800000160933,7409204.668999999761581],[404241.609299999661744,7409209.139899999834597],[404241.224600000306964,7409244.6256]]]]}},
{"type":"Feature","properties":{"fid":62140.0,"OBJECTID":67550.0,"COORD_X":404298.94680512999,"COORD_Y":7409420.8117763,"LONGITUDE":-51.9367478,"LATITUDE":-23.42228815,"ESQUINA":"N"},"geometry":{"type":"MultiPolygon","coordinates":[[[[404279.478900000452995,7409414.4945],[404279.455299999564886,7409427.360399999655783],[404318.291899999603629,7409427.240899999625981],[404318.342199999839067,7409414.155500000342727],[404279.478900000452995,7409414.4945]]]]}},
{"type":"Feature","properties":{"fid":62141.0,"OBJECTID":67551.0,"COORD_X":404298.86008338002,"COORD_Y":7409433.7689296799,"LONGITUDE":-51.93674782,"LATITUDE":-23.42217112,"ESQUINA":"N"},"geometry":{"type":"MultiPolygon","coordinates":[[[[404318.24210000038147,7409440.188699999824166],[404318.291899999603629,7409427.240899999625981],[404279.455299999564886,7409427.360399999655783],[404279.431599999777973,7409440.28870000038296],[404302.278099999763072,7409440.229799999855459],[404318.24210000038147,7409440.188699999824166]]]]}},
{"type":"Feature","properties":{"fid":62142.0,"OBJECTID":67552.0,"COORD_X":404310.22316121007,"COORD_Y":7409447.1246830896,"LONGITUDE":-51.93663576,"LATITUDE":-23.42205116,"ESQUINA":"S"},"geometry":{"type":"MultiPolygon","coordinates":[[[[404318.24210000038147,7409440.188699999824166],[404302.278099999763072,7409440.229799999855459],[404302.231800000183284,7409440.229899999685585],[404302.232599999755621,7409443.414900000207126],[404302.260099999606609,7409454.1047],[404318.189000000245869,7409453.999699999578297],[404318.24210000038147,7409440.188699999824166]]]]}},
{"type":"Feature","properties":{"fid":62245.0,"OBJECTID":67575.0,"COORD_X":404833.77334117994,"COORD_Y":7409432.0092180204,"LONGITUDE":-51.9315126,"LATITUDE":-23.42221833,"ESQUINA":"N"},"geometry":{"type":"MultiPolygon","coordinates":[[[[404819.951200000010431,7409411.629499999806285],[404818.320899999700487,7409411.634200000204146],[404818.349700000137091,7409423.0164],[404818.422899999655783,7409451.915400000289083],[404849.105200000107288,7409452.923499999567866],[404848.970099999569356,7409411.546400000341237],[404834.622399999760091,7409411.587500000372529],[404819.951200000010431,7409411.629499999806285]]]]}},
{"type":"Feature","properties":{"fid":64969.0,"OBJECTID":71349.0,"COORD_X":404544.26438855001,"COORD_Y":7409389.2035495397,"LONGITUDE":-51.93434882,"LATITUDE":-23.42258801,"ESQUINA":"N"},"geometry":{"type":"MultiPolygon","coordinates":[[[[404550.669599999673665,7409373.133100000210106],[404537.617300000041723,7409373.151600000448525],[404537.621399999596179,7409373.372899999842048],[404538.173499999567866,7409405.562599999830127],[404550.612099999561906,7409405.4835],[404550.666000000201166,7409373.4753],[404550.669599999673665,7409373.133100000210106]]]]}},
{"type":"Feature","properties":{"fid":64972.0,"OBJECTID":71353.0,"COORD_X":404273.07394964999,"COORD_Y":7409494.3358358601,"LONGITUDE":-51.93699635,"LATITUDE":-23.42162258,"ESQUINA":"N"},"geometry":{"type":"MultiPolygon","coordinates":[[[[404279.716500000096858,7409488.092199999839067],[404279.685999999754131,7409474.512699999846518],[404266.553399999625981,7409474.660299999639392],[404266.630099999718368,7409487.949300000444055],[404266.783099999651313,7409514.443699999712408],[404279.46239999961108,7409514.344399999827147],[404279.343999999575317,7409499.365199999883771],[404279.254900000058115,7409488.0872],[404279.716500000096858,7409488.092199999839067]]]]}},
{"type":"Feature","properties":{"fid":64975.0,"OBJECTID":71356.0,"COORD_X":404623.24800664,"COORD_Y":7409285.8795256596,"LONGITUDE":-51.93358233,"LATITUDE":-23.42352583,"ESQUINA":"N"},"geometry":{"type":"MultiPolygon","coordinates":[[[[404631.510700000450015,7409271.801900000311434],[404614.85329999960959,7409272.013600000180304],[404615.224000000394881,7409300.115600000135601],[404623.263899999670684,7409299.984400000423193],[404631.416899999603629,7409299.851300000213087],[404631.510700000450015,7409271.801900000311434]]]]}},
{"type":"Feature","properties":{"fid":64977.0,"OBJECTID":71358.0,"COORD_X":404884.41985503002,"COORD_Y":7409380.9159266101,"LONGITUDE":-51.93102014,"LATITUDE":-23.42268275,"ESQUINA":"S"},"geometry":{"type":"MultiPolygon","coordinates":[[[[404892.462199999950826,7409391.260599999688566],[404892.043100000359118,7409371.9995],[404890.481499999761581,7409370.259700000286102],[404876.544099999591708,7409370.5291],[404876.670699999667704,7409384.476800000295043],[404876.733199999667704,7409391.3591],[404892.462199999950826,7409391.260599999688566]]]]}},
{"type":"Feature","properties":{"fid":65071.0,"OBJECTID":71367.0,"COORD_X":404289.44147896999,"COORD_Y":7409290.1519101299,"LONGITUDE":-51.93684914,"LATITUDE":-23.42346768,"ESQUINA":"S"},"geometry":{"type":"MultiPolygon","coordinates":[[[[404265.897599999792874,7409274.889499999582767],[404266.035400000400841,7409314.5022],[404278.262299999594688,7409314.4934],[404278.351800000295043,7409301.333200000226498],[404317.246600000187755,7409301.278400000184774],[404316.842699999921024,7409276.471300000324845],[404314.627500000409782,7409274.507000000216067],[404265.897599999792874,7409274.889499999582767]]]]}},
{"type":"Feature","properties":{"fid":67285.0,"OBJECTID":74500.0,"COORD_X":404530.48839835997,"COORD_Y":7409203.4422548898,"LONGITUDE":-51.93449544,"LATITUDE":-23.42426496,"ESQUINA":"N"},"geometry":{"type":"MultiPolygon","coordinates":[[[[404537.090400000102818,7409210.971300000324845],[404550.05420000012964,7409210.858199999667704],[404549.944299999624491,7409195.782599999569356],[404536.699199999682605,7409195.825500000268221],[404525.793200000189245,7409195.86089999973774],[404511.090499999932945,7409195.908599999733269],[404511.04700000025332,7409211.198599999770522],[404537.090400000102818,7409210.971300000324845]]]]}},
{"type":"Feature","properties":{"fid":67286.0,"OBJECTID":74501.0,"COORD_X":404518.44610591,"COORD_Y":7409178.9532993902,"LONGITUDE":-51.93461485,"LATITUDE":-23.42448543,"ESQUINA":"S"},"geometry":{"type":"MultiPolygon","coordinates":[[[[404511.090499999932945,7409195.908599999733269],[404525.793200000189245,7409195.86089999973774],[404525.706699999980628,7409161.903699999675155],[404511.187199999578297,7409161.998200000263751],[404511.090499999932945,7409195.908599999733269]]]]}},
{"type":"Feature","properties":{"fid":67287.0,"OBJECTID":74502.0,"COORD_X":404575.71124437999,"COORD_Y":7409182.6479027905,"LONGITUDE":-51.93405414,"LATITUDE":-23.42445541,"ESQUINA":"N"},"geometry":{"type":"MultiPolygon","coordinates":[[[[404575.911199999973178,7409202.9183],[404588.889600000344217,7409202.897199999541044],[404588.463700000196695,7409162.404199999757111],[404562.703499999828637,7409162.198699999600649],[404562.839999999850988,7409202.939500000327826],[404575.911199999973178,7409202.9183]]]]}},
{"type":"Feature","properties":{"fid":68309.0,"OBJECTID":73928.0,"COORD_X":404273.27518284001,"COORD_Y":7409534.4952959903,"LONGITUDE":-51.93699182,"LATITUDE":-23.42125988,"ESQUINA":"N"},"geometry":{"type":"MultiPolygon","coordinates":[[[[404279.589900000020862,7409527.520200000144541],[404279.478600000031292,7409514.344200000166893],[404279.46239999961108,7409514.344399999827147],[404266.783099999651313,7409514.443699999712408],[404267.014700000174344,7409554.563799999654293],[404279.817900000140071,7409554.516800000332296],[404279.589900000020862,7409527.520200000144541]]]]}},
{"type":"Feature","properties":{"fid":68868.0,"OBJECTID":74497.0,"COORD_X":404569.41278955003,"COORD_Y":7409222.9217649298,"LONGITUDE":-51.93411323,"LATITUDE":-23.4240913,"ESQUINA":"N"},"geometry":{"type":"MultiPolygon","coordinates":[[[[404576.003700000233948,7409242.8388],[404575.911199999973178,7409202.9183],[404562.839999999850988,7409202.939500000327826],[404562.866200000047684,7409210.746299999766052],[404562.887199999764562,7409242.9337],[404576.003700000233948,7409242.8388]]]]}},
{"type":"Feature","properties":{"fid":68869.0,"OBJECTID":74499.0,"COORD_X":404524.01720117999,"COORD_Y":7409227.1467461698,"LONGITUDE":-51.93455727,"LATITUDE":-23.42405048,"ESQUINA":"S"},"geometry":{"type":"MultiPolygon","coordinates":[[[[404511.04700000025332,7409211.198599999770522],[404510.955500000156462,7409243.309600000269711],[404536.965400000102818,7409243.121299999766052],[404537.090400000102818,7409210.971300000324845],[404511.04700000025332,7409211.198599999770522]]]]}},
{"type":"Feature","properties":{"fid":69393.0,"OBJECTID":72677.0,"COORD_X":404782.73882089998,"COORD_Y":7409431.8681445401,"LONGITUDE":-51.9320121,"LATITUDE":-23.42221662,"ESQUINA":"N"},"geometry":{"type":"MultiPolygon","coordinates":[[[[404746.99129999987781,7409411.838499999605119],[404747.213000000454485,7409452.106999999843538],[404818.422899999655783,7409451.915400000289083],[404818.349700000137091,7409423.0164],[404818.320899999700487,7409411.634200000204146],[404790.648900000378489,7409411.713499999605119],[404773.401600000448525,7409411.762900000438094],[404746.99129999987781,7409411.838499999605119]]]]}},
{"type":"Feature","properties":{"fid":69396.0,"OBJECTID":72680.0,"COORD_X":404524.18752411997,"COORD_Y":7409336.8694610205,"LONGITUDE":-51.93454864,"LATITUDE":-23.42305951,"ESQUINA":"S"},"geometry":{"type":"MultiPolygon","coordinates":[[[[404510.787999999709427,7409353.092000000178814],[404537.743300000205636,7409353.156700000166893],[404537.46129999961704,7409322.802899999544024],[404537.440200000070035,7409320.5318],[404511.730999999679625,7409320.590900000184774],[404510.743599999696016,7409320.586900000460446],[404510.787999999709427,7409353.092000000178814]]]]}},
{"type":"Feature","properties":{"fid":69497.0,"OBJECTID":72701.0,"COORD_X":404870.20422623999,"COORD_Y":7409531.0077478597,"LONGITUDE":-51.93114978,"LATITUDE":-23.42132632,"ESQUINA":"N"},"geometry":{"type":"MultiPolygon","coordinates":[[[[404877.408900000154972,7409511.253200000151992],[404862.916799999773502,7409511.33669999986887],[404863.235399999655783,7409551.00800000037998],[404877.264700000174344,7409550.861700000241399],[404877.33600000012666,7409531.284300000406802],[404877.408900000154972,7409511.253200000151992]]]]}},
{"type":"Feature","properties":{"fid":69498.0,"OBJECTID":72702.0,"COORD_X":404856.24776202999,"COORD_Y":7409531.2439395702,"LONGITUDE":-51.93128636,"LATITUDE":-23.42132337,"ESQUINA":"N"},"geometry":{"type":"MultiPolygon","coordinates":[[[[404849.296900000423193,7409511.41509999986738],[404849.548799999989569,7409551.1508],[404863.235399999655783,7409551.00800000037998],[404862.916799999773502,7409511.33669999986887],[404849.296900000423193,7409511.41509999986738]]]]}},
{"type":"Feature","properties":{"fid":69499.0,"OBJECTID":72703.0,"COORD_X":404842.24586626003,"COORD_Y":7409531.4186150096,"LONGITUDE":-51.93142339,"LATITUDE":-23.42132098,"ESQUINA":"N"},"geometry":{"type":"MultiPolygon","coordinates":[[[[404835.03110000025481,7409551.302199999801815],[404849.548799999989569,7409551.1508],[404849.296900000423193,7409511.41509999986738],[404835.110799999907613,7409511.496899999678135],[404835.113300000317395,7409511.8733],[404835.03110000025481,7409551.302199999801815]]]]}},
{"type":"Feature","properties":{"fid":69504.0,"OBJECTID":72708.0,"COORD_X":404636.17851391999,"COORD_Y":7409506.0272271,"LONGITUDE":-51.93344182,"LATITUDE":-23.42153827,"ESQUINA":"N"},"geometry":{"type":"MultiPolygon","coordinates":[[[[404616.2977,7409499.547399999573827],[404616.289800000376999,7409512.77489999961108],[404656.181300000287592,7409512.417100000195205],[404656.11739999987185,7409499.360399999655783],[404616.2977,7409499.547399999573827]]]]}},
{"type":"Feature","properties":{"fid":69505.0,"OBJECTID":72709.0,"COORD_X":404636.35335329996,"COORD_Y":7409519.1345555997,"LONGITUDE":-51.93343928,"LATITUDE":-23.4214199,"ESQUINA":"N"},"geometry":{"type":"MultiPolygon","coordinates":[[[[404656.181300000287592,7409512.417100000195205],[404616.289800000376999,7409512.77489999961108],[404616.464300000108778,7409525.744099999777973],[404656.245900000445545,7409525.615799999795854],[404656.181300000287592,7409512.417100000195205]]]]}},
{"type":"Feature","properties":{"fid":69506.0,"OBJECTID":72710.0,"COORD_X":404609.87334754999,"COORD_Y":7409533.0846968293,"LONGITUDE":-51.93369756,"LATITUDE":-23.42129235,"ESQUINA":"N"},"geometry":{"type":"MultiPolygon","coordinates":[[[[404616.464300000108778,7409525.744099999777973],[404616.289800000376999,7409512.77489999961108],[404603.217299999669194,7409512.892199999652803],[404603.143500000238419,7409553.0526],[404616.831299999728799,7409553.003399999812245],[404616.464300000108778,7409525.744099999777973]]]]}},
{"type":"Feature","properties":{"fid":69507.0,"OBJECTID":72711.0,"COORD_X":404596.95160407998,"COORD_Y":7409532.8553346703,"LONGITUDE":-51.93382404,"LATITUDE":-23.42129367,"ESQUINA":"N"},"geometry":{"type":"MultiPolygon","coordinates":[[[[404603.143500000238419,7409553.0526],[404603.217299999669194,7409512.892199999652803],[404590.524000000208616,7409512.893799999728799],[404590.928199999965727,7409553.096599999815226],[404603.143500000238419,7409553.0526]]]]}},
{"type":"Feature","properties":{"fid":69508.0,"OBJECTID":72712.0,"COORD_X":404583.84127961,"COORD_Y":7409492.9121636795,"LONGITUDE":-51.93395489,"LATITUDE":-23.42165366,"ESQUINA":"N"},"geometry":{"type":"MultiPolygon","coordinates":[[[[404590.302199999801815,7409512.893899999558926],[404590.29700000025332,7409472.9381],[404577.348500000312924,7409472.982200000435114],[404577.412899999879301,7409512.895499999634922],[404590.302199999801815,7409512.893899999558926]]]]}},
{"type":"Feature","properties":{"fid":69509.0,"OBJECTID":72713.0,"COORD_X":404596.77796298999,"COORD_Y":7409492.8843014203,"LONGITUDE":-51.93382828,"LATITUDE":-23.42165467,"ESQUINA":"N"},"geometry":{"type":"MultiPolygon","coordinates":[[[[404590.29700000025332,7409472.9381],[404590.302199999801815,7409512.893899999558926],[404590.524000000208616,7409512.893799999728799],[404603.217299999669194,7409512.892199999652803],[404603.290699999779463,7409472.893899999558926],[404590.29700000025332,7409472.9381]]]]}},
{"type":"Feature","properties":{"fid":70566.0,"OBJECTID":72981.0,"COORD_X":405034.41647391999,"COORD_Y":7408814.4289461495,"LONGITUDE":-51.92958781,"LATITUDE":-23.42780791,"ESQUINA":"N"},"geometry":{"type":"MultiPolygon","coordinates":[[[[405130.482499999925494,7408221.313699999824166],[405099.92920000012964,7408260.107200000435114],[405053.28249999973923,7408319.9622],[405019.9205,7408366.053399999625981],[404987.971900000236928,7408411.987700000405312],[404968.074099999852479,7408439.171900000423193],[404940.351400000043213,7408478.1952],[404914.173799999989569,7408517.585699999704957],[404878.601700000464916,7408566.569899999536574],[404848.472099999897182,7408605.483099999837577],[404819.962299999780953,7408643.995900000445545],[404787.9989,7408685.830199999734759],[404766.957100000232458,7408725.317200000397861],[404748.086799999698997,7408759.6842],[404743.767799999564886,7408767.719600000418723],[404739.669300000183284,7408775.870900000445545],[404735.794700000435114,7408784.13150000013411],[404732.146999999880791,7408792.494699999690056],[404728.729399999603629,7408800.953700000420213],[404725.544499999843538,7408809.501500000245869],[404708.45990000013262,7408859.291600000113249],[404705.337700000032783,7408871.622000000439584],[404702.471699999645352,7408884.0142],[404699.863099999725819,7408896.4627],[404697.513000000268221,7408908.96239999961108],[404695.422500000335276,7408921.5077],[404693.592400000430644,7408934.0932],[404691.993200000375509,7408943.61089999973774],[404690.618300000205636,7408953.16399999987334],[404689.468500000424683,7408962.747100000269711],[404688.544300000183284,7408972.3547],[404687.846499999985099,7408981.981200000271201],[404687.375199999660254,7408991.621100000105798],[404687.130900000222027,7409001.269000000320375],[404687.113699999637902,7409010.919300000183284],[404685.758600000292063,7409088.421299999579787],[404686.730299999937415,7409111.430700000375509],[404687.040500000119209,7409118.776600000448525],[404687.135700000450015,7409121.0313],[404687.289800000376999,7409125.5905],[404687.502799999900162,7409129.722699999809265],[404687.541899999603629,7409130.492700000293553],[404687.564699999988079,7409130.943099999800324],[404687.588999999687076,7409131.42200000025332],[404687.599200000055134,7409131.5866],[404687.682000000029802,7409132.4211],[404687.764499999582767,7409133.221199999563396],[404687.860799999907613,7409134.055499999783933],[404687.920800000429153,7409134.5751],[404688.079599999822676,7409135.414099999703467],[404688.166699999943376,7409135.869699999690056],[404688.333300000056624,7409136.714700000360608],[404688.566200000233948,7409137.683799999766052],[404688.753200000151992,7409138.4348],[404688.917000000365078,7409139.092400000430644],[404689.109299999661744,7409139.864500000141561],[404689.403900000266731,7409141.047600000165403],[404689.600599999539554,7409141.8372],[404689.831899999640882,7409142.766200000420213],[404690.172899999655783,7409144.135499999858439],[404690.719600000418723,7409146.3306],[404691.484299999661744,7409148.86739999987185],[404692.228799999691546,7409151.33739999961108],[404693.219899999909103,7409154.625300000421703],[404694.317300000227988,7409157.73450000025332],[404695.469499999657273,7409160.99930000025779],[404696.333599999547005,7409163.447499999776483],[404697.029900000430644,7409165.420300000347197],[404698.085900000296533,7409167.857599999755621],[404699.284900000318885,7409170.625],[404700.238199999555945,7409172.825199999846518],[404701.496600000187755,7409175.7297],[404719.004099999554455,7409208.652700000442564],[404721.791600000113249,7409213.0027],[404724.605100000277162,7409217.393299999646842],[404728.247800000011921,7409223.0778],[404731.929100000299513,7409228.4929],[404735.3597999997437,7409233.53940000012517],[404741.207700000144541,7409241.36699999962002],[404745.6716,7409247.341900000348687],[404751.173499999567866,7409254.16579999960959],[404756.330000000074506,7409260.037700000219047],[404762.682900000363588,7409265.965699999593198],[404769.186099999584258,7409271.728199999779463],[404775.83530000038445,7409277.321399999782443],[404782.053199999965727,7409282.559299999848008],[404788.326500000432134,7409287.514999999664724],[404794.836199999786913,7409292.199699999764562],[404802.779400000348687,7409297.635300000198185],[404808.775799999944866,7409301.417299999855459],[404814.140599999576807,7409304.807500000111759],[404819.330400000326335,7409307.833100000396371],[404824.608099999837577,7409310.825899999588728],[404826.364299999549985,7409311.642],[404829.652900000102818,7409313.207299999892712],[404831.801300000399351,7409314.308000000193715],[404833.706299999728799,7409315.165199999697506],[404835.38910000026226,7409315.853199999779463],[404837.9079,7409316.932699999772012],[404841.368700000457466,7409318.4249],[404845.599899999797344,7409320.325000000186265],[404850.150700000114739,7409322.2829],[404854.489900000393391,7409324.240799999795854],[404858.458700000308454,7409325.828300000168383],[404861.216500000096858,7409327.08559999987483],[404864.147300000302494,7409328.209599999710917],[404867.586900000460446,7409329.479600000195205],[404869.974200000055134,7409330.3136],[404872.567200000397861,7409331.186700000427663],[404875.186499999836087,7409332.033300000242889],[404877.700100000016391,7409332.721300000324845],[404881.007399999536574,7409333.700199999846518],[404883.335699999704957,7409334.441100000403821],[404886.034500000067055,7409335.208399999886751],[404887.285899999551475,7409335.553999999538064],[404888.115100000053644,7409335.787200000137091],[404889.222699999809265,7409336.139700000174344],[404890.482099999673665,7409336.4995],[404891.238900000229478,7409336.7165],[404896.017199999652803,7409337.8277000002563],[404897.332200000062585,7409338.1426],[404898.104899999685585,7409338.3279],[404899.284799999557436,7409338.61089999973774],[404904.212100000120699,7409339.636099999770522],[404908.683600000105798,7409340.377000000327826],[404911.15610000025481,7409340.6892],[404913.295400000177324,7409340.919800000265241],[404916.529900000430644,7409341.164599999785423],[404918.527599999681115,7409341.270399999804795],[404922.542600000277162,7409341.4622],[404924.110299999825656,7409341.488699999637902],[404926.790500000119209,7409341.5992],[404929.621600000187755,7409341.6256],[404933.8284,7409341.67850000038743],[404937.109299999661744,7409341.837299999780953],[404939.835799999535084,7409341.8174],[404943.580799999646842,7409341.711500000208616],[404945.284900000318885,7409341.652099999599159],[404949.810600000433624,7409341.5543],[404953.878600000403821,7409341.2566],[404958.608,7409340.958999999798834],[404963.039800000376999,7409340.628200000151992],[404968.099899999797344,7409340.2314],[404971.804100000299513,7409339.966799999587238],[404975.772900000214577,7409339.669099999591708],[404979.146300000138581,7409339.404500000178814],[404983.091900000348687,7409339.021300000138581],[404986.157800000160933,7409338.74309999961406],[404989.531200000084937,7409338.346199999563396],[404992.101400000043213,7409337.92879999987781],[404995.980499999597669,7409337.320899999700487],[405000.246899999678135,7409336.6595],[405002.991899999789894,7409336.229500000365078],[405006.332299999892712,7409335.634200000204146],[405009.151800000108778,7409335.086400000378489],[405012.391800000332296,7409334.514899999834597],[405015.657800000160933,7409333.917500000447035],[405018.33669999986887,7409333.381699999794364],[405021.108199999667704,7409332.846],[405023.761800000444055,7409332.326899999752641],[405027.796699999831617,7409331.36780000012368],[405031.108599999919534,7409330.346099999733269],[405033.647099999710917,7409329.627899999730289],[405038.387600000016391,7409328.1376],[405040.920300000347197,7409327.29009999986738],[405042.933699999935925,7409326.61629999987781],[405046.138100000098348,7409325.370199999772012],[405048.0773,7409324.616100000217557],[405051.182099999859929,7409323.2802],[405054.146800000220537,7409322.004599999636412],[405056.923200000077486,7409320.751500000245869],[405059.402200000360608,7409319.63260000012815],[405064.43680000025779,7409317.412899999879301],[405066.485799999907613,7409316.293800000101328],[405069.637900000438094,7409314.551099999807775],[405071.979600000195205,7409313.226300000213087],[405075.800900000147521,7409310.956399999558926],[405084.267599999904633,7409305.466300000436604],[405088.336500000208616,7409302.547899999655783],[405090.772900000214577,7409300.8004],[405093.85869999974966,7409298.587100000120699],[405097.410699999891222,7409295.874699999578297],[405101.134800000116229,7409293.030899999663234],[405108.800900000147521,7409287.15500000026077],[405113.833999999798834,7409283.27240000013262],[405119.99170000012964,7409278.5066],[405124.57149999961257,7409274.795800000429153],[405130.2204,7409270.134800000116229],[405135.723299999721348,7409265.302199999801815],[405141.074900000356138,7409260.302699999883771],[405146.270100000314415,7409255.140999999828637],[405151.303999999538064,7409249.822100000455976],[405156.171699999831617,7409244.3509],[405160.868700000457466,7409238.732800000347197],[405165.390399999916553,7409232.973000000230968],[405169.732599999755621,7409227.077100000344217],[405173.058199999853969,7409221.306599999777973],[405176.190700000151992,7409215.42920000012964],[405179.126799999736249,7409209.451299999840558],[405181.863199999555945,7409203.379499999806285],[405184.396999999880791,7409197.2204],[405186.725200000219047,7409190.980999999679625],[405188.8454,7409184.667899999767542],[405190.755300000309944,7409178.288099999539554],[405193.104199999943376,7409170.497399999760091],[405195.253200000151992,7409162.648299999535084],[405197.200699999928474,7409154.7462],[405198.94550000037998,7409146.796400000341237],[405200.486299999989569,7409138.80420000012964],[405221.891200000420213,7409034.923100000247359],[405231.052400000393391,7408988.060499999672174],[405237.113400000147521,7408955.5559],[405243.978199999779463,7408922.461500000208616],[405247.836199999786913,7408905.0082],[405256.113099999725819,7408865.084300000220537],[405264.256699999794364,7408822.600200000219047],[405279.639899999834597,7408748.129499999806285],[405297.816399999894202,7408684.09250000026077],[405308.487599999643862,7408657.887699999846518],[405312.17090000025928,7408649.6371],[405316.033200000412762,7408641.464700000360608],[405320.072300000116229,7408633.375199999660254],[405324.286000000312924,7408625.373200000263751],[405328.671699999831617,7408617.463100000284612],[405335.259300000034273,7408605.4172],[405342.066899999976158,7408593.494900000281632],[405349.092000000178814,7408581.700500000268221],[405356.332299999892712,7408570.037899999879301],[405363.785199999809265,7408558.511300000362098],[405369.316399999894202,7408550.574199999682605],[405375.012299999594688,7408542.7544],[405380.870099999941885,7408535.05530000012368],[405386.887500000186265,7408527.480200000107288],[405393.06180000025779,7408520.03249999973923],[405399.390100000426173,7408512.7155],[405405.869900000281632,7408505.5324],[405412.498200000263751,7408498.486200000159442],[405419.272099999710917,7408491.580199999734759],[405441.047899999655783,7408469.723600000143051],[405469.880900000222027,7408445.893699999898672],[405503.60840000025928,7408421.2177],[405504.430900000035763,7408420.287999999709427],[405505.063099999912083,7408419.2198],[405505.482499999925494,7408418.0515],[405505.673999999649823,7408416.8251],[405505.630800000391901,7408415.584599999710917],[405505.354199999943376,7408414.37459999974817],[405504.854399999603629,7408413.2385],[405504.14919999986887,7408412.2171],[405503.264000000432134,7408411.347099999897182],[405502.230600000359118,7408410.659699999727309],[405472.066300000064075,7408400.804999999701977],[405419.03830000013113,7408387.081399999558926],[405361.96239999961108,7408372.6623],[405332.548600000329316,7408362.03139999974519],[405304.824599999934435,7408346.239500000141561],[405258.520700000226498,7408316.267699999734759],[405216.246399999596179,7408286.050499999895692],[405180.434600000269711,7408259.7615],[405130.482499999925494,7408221.313699999824166]]]]}},
{"type":"Feature","properties":{"fid":70628.0,"OBJECTID":71893.0,"COORD_X":404297.83716618002,"COORD_Y":7409307.9010668201,"LONGITUDE":-51.93676584,"LATITUDE":-23.42330787,"ESQUINA":"N"},"geometry":{"type":"MultiPolygon","coordinates":[[[[404317.46129999961704,7409314.465099999681115],[404317.246600000187755,7409301.278400000184774],[404278.351800000295043,7409301.333200000226498],[404278.262299999594688,7409314.4934],[404317.46129999961704,7409314.465099999681115]]]]}},
{"type":"Feature","properties":{"fid":70660.0,"OBJECTID":78088.0,"COORD_X":404551.74131556001,"COORD_Y":7409434.6745408103,"LONGITUDE":-51.93427275,"LATITUDE":-23.42217777,"ESQUINA":"N"},"geometry":{"type":"MultiPolygon","coordinates":[[[[404564.197700000368059,7409452.9002],[404563.808500000275671,7409412.8717],[404550.846599999815226,7409412.696100000292063],[404550.868300000205636,7409416.1036],[404551.037200000137091,7409420.653900000266731],[404537.976099999621511,7409420.7972999997437],[404538.196800000034273,7409453.099299999885261],[404564.197700000368059,7409452.9002]]]]}},
{"type":"Feature","properties":{"fid":70661.0,"OBJECTID":78089.0,"COORD_X":404602.28861122002,"COORD_Y":7409222.7824205495,"LONGITUDE":-51.93379147,"LATITUDE":-23.42409448,"ESQUINA":"N"},"geometry":{"type":"MultiPolygon","coordinates":[[[[404589.189299999736249,7409242.7434],[404615.235600000247359,7409242.55489999987185],[404615.2955,7409215.834800000302494],[404615.324599999934435,7409202.8542],[404614.788800000213087,7409202.855100000277162],[404589.436999999918044,7409202.896300000138581],[404589.189299999736249,7409242.7434]]]]}},
{"type":"Feature","properties":{"fid":70954.0,"OBJECTID":77724.0,"COORD_X":404781.91361034999,"COORD_Y":7409392.0889190296,"LONGITUDE":-51.93202269,"LATITUDE":-23.42257585,"ESQUINA":"N"},"geometry":{"type":"MultiPolygon","coordinates":[[[[404790.300900000147521,7409372.196399999782443],[404773.261099999770522,7409372.5258],[404773.401600000448525,7409411.762900000438094],[404790.648900000378489,7409411.713499999605119],[404790.300900000147521,7409372.196399999782443]]]]}},
{"type":"Feature","properties":{"fid":70955.0,"OBJECTID":77725.0,"COORD_X":404827.15214632999,"COORD_Y":7409391.6606769897,"LONGITUDE":-51.93157996,"LATITUDE":-23.42258236,"ESQUINA":"N"},"geometry":{"type":"MultiPolygon","coordinates":[[[[404819.951200000010431,7409411.629499999806285],[404834.622399999760091,7409411.587500000372529],[404834.09250000026077,7409371.3498],[404819.910799999721348,7409371.623999999836087],[404819.951200000010431,7409411.629499999806285]]]]}},
{"type":"Feature","properties":{"fid":70956.0,"OBJECTID":77726.0,"COORD_X":404841.57847584004,"COORD_Y":7409391.3497722903,"LONGITUDE":-51.93143878,"LATITUDE":-23.42258601,"ESQUINA":"N"},"geometry":{"type":"MultiPolygon","coordinates":[[[[404848.602300000376999,7409371.069299999624491],[404834.09250000026077,7409371.3498],[404834.622399999760091,7409411.587500000372529],[404848.970099999569356,7409411.546400000341237],[404848.602300000376999,7409371.069299999624491]]]]}},
{"type":"Feature","properties":{"fid":70957.0,"OBJECTID":77727.0,"COORD_X":404855.77204750001,"COORD_Y":7409391.24171481,"LONGITUDE":-51.93129987,"LATITUDE":-23.42258781,"ESQUINA":"N"},"geometry":{"type":"MultiPolygon","coordinates":[[[[404848.970099999569356,7409411.546400000341237],[404862.952800000086427,7409411.506400000303984],[404862.536199999973178,7409370.7999],[404848.602300000376999,7409371.069299999624491],[404848.970099999569356,7409411.546400000341237]]]]}},
{"type":"Feature","properties":{"fid":70958.0,"OBJECTID":77728.0,"COORD_X":404869.74367828999,"COORD_Y":7409391.06391796,"LONGITUDE":-51.93116314,"LATITUDE":-23.42259024,"ESQUINA":"N"},"geometry":{"type":"MultiPolygon","coordinates":[[[[404876.733199999667704,7409391.3591],[404876.670699999667704,7409384.476800000295043],[404876.544099999591708,7409370.5291],[404862.536199999973178,7409370.7999],[404862.952800000086427,7409411.506400000303984],[404876.91579999960959,7409411.466400000266731],[404876.733199999667704,7409391.3591]]]]}},
{"type":"Feature","properties":{"fid":70959.0,"OBJECTID":77729.0,"COORD_X":404884.75695153,"COORD_Y":7409401.4036579505,"LONGITUDE":-51.93101555,"LATITUDE":-23.42249773,"ESQUINA":"N"},"geometry":{"type":"MultiPolygon","coordinates":[[[[404876.733199999667704,7409391.3591],[404876.91579999960959,7409411.466400000266731],[404892.900799999944866,7409411.420599999837577],[404892.462199999950826,7409391.260599999688566],[404876.733199999667704,7409391.3591]]]]}},
{"type":"Feature","properties":{"fid":70960.0,"OBJECTID":77730.0,"COORD_X":404856.03520853998,"COORD_Y":7409432.2434735401,"LONGITUDE":-51.9312947,"LATITUDE":-23.42221751,"ESQUINA":"N"},"geometry":{"type":"MultiPolygon","coordinates":[[[[404863.101300000213087,7409452.9847],[404862.952800000086427,7409411.506400000303984],[404848.970099999569356,7409411.546400000341237],[404849.105200000107288,7409452.923499999567866],[404863.101300000213087,7409452.9847]]]]}},
{"type":"Feature","properties":{"fid":71403.0,"OBJECTID":78098.0,"COORD_X":404863.06997435994,"COORD_Y":7409491.3794779293,"LONGITUDE":-51.93122211,"LATITUDE":-23.42168382,"ESQUINA":"S"},"geometry":{"type":"MultiPolygon","coordinates":[[[[404835.110799999907613,7409511.496899999678135],[404849.296900000423193,7409511.41509999986738],[404862.916799999773502,7409511.33669999986887],[404877.408900000154972,7409511.253200000151992],[404891.332399999722838,7409511.172899999655783],[404891.091699999757111,7409472.824699999764562],[404889.622000000439584,7409471.287200000137091],[404834.8443,7409471.531600000336766],[404835.110799999907613,7409511.496899999678135]]]]}},
{"type":"Feature","properties":{"fid":71404.0,"OBJECTID":78099.0,"COORD_X":404367.83560262999,"COORD_Y":7409426.99693189,"LONGITUDE":-51.93607317,"LATITUDE":-23.42223633,"ESQUINA":"N"},"geometry":{"type":"MultiPolygon","coordinates":[[[[404347.950100000016391,7409440.060499999672174],[404387.870600000023842,7409439.774000000208616],[404387.866200000047684,7409414.088200000114739],[404347.799899999983609,7409414.095700000412762],[404347.950100000016391,7409440.060499999672174]]]]}},
{"type":"Feature","properties":{"fid":71733.0,"OBJECTID":78191.0,"COORD_X":404794.77561060002,"COORD_Y":7409339.93600934,"LONGITUDE":-51.93190011,"LATITUDE":-23.42304763,"ESQUINA":"N"},"geometry":{"type":"MultiPolygon","coordinates":[[[[404788.250900000333786,7409351.746399999596179],[404802.630699999630451,7409351.632399999536574],[404801.654400000348687,7409331.624099999666214],[404788.278400000184774,7409324.716799999587238],[404788.015599999576807,7409324.541500000283122],[404788.250900000333786,7409351.746399999596179]]]]}},
{"type":"Feature","properties":{"fid":71735.0,"OBJECTID":78193.0,"COORD_X":404609.77590812999,"COORD_Y":7409492.8652176298,"LONGITUDE":-51.93370106,"LATITUDE":-23.4216556,"ESQUINA":"N"},"geometry":{"type":"MultiPolygon","coordinates":[[[[404616.289800000376999,7409512.77489999961108],[404616.2977,7409499.547399999573827],[404616.305499999783933,7409486.668499999679625],[404616.313900000415742,7409472.849600000306964],[404603.290699999779463,7409472.893899999558926],[404603.217299999669194,7409512.892199999652803],[404616.289800000376999,7409512.77489999961108]]]]}},
{"type":"Feature","properties":{"fid":72219.0,"OBJECTID":77648.0,"COORD_X":404426.03653489001,"COORD_Y":7409223.9222788299,"LONGITUDE":-51.93551645,"LATITUDE":-23.42407387,"ESQUINA":"N"},"geometry":{"type":"MultiPolygon","coordinates":[[[[404425.872399999760091,7409203.829199999570847],[404413.000199999660254,7409203.922399999573827],[404413.352800000458956,7409244.091300000436604],[404439.043399999849498,7409243.963999999687076],[404438.737399999983609,7409203.735999999567866],[404425.872399999760091,7409203.829199999570847]]]]}},
{"type":"Feature","properties":{"fid":72423.0,"OBJECTID":76911.0,"COORD_X":404576.83701776998,"COORD_Y":7409393.0163662303,"LONGITUDE":-51.93402978,"LATITUDE":-23.42255548,"ESQUINA":"N"},"geometry":{"type":"MultiPolygon","coordinates":[[[[404589.832000000402331,7409373.077499999664724],[404563.545300000347197,7409373.114799999631941],[404563.548899999819696,7409373.576399999670684],[404563.933100000023842,7409412.8734],[404577.808899999596179,7409413.0614],[404590.006199999712408,7409412.975499999709427],[404589.832000000402331,7409373.126500000245869],[404589.832000000402331,7409373.077499999664724]]]]}},
{"type":"Feature","properties":{"fid":73885.0,"OBJECTID":76822.0,"COORD_X":404531.36668986996,"COORD_Y":7409436.9511823002,"LONGITUDE":-51.93447202,"LATITUDE":-23.42215601,"ESQUINA":"N"},"geometry":{"type":"MultiPolygon","coordinates":[[[[404524.385499999858439,7409420.946600000374019],[404524.904900000430644,7409453.201100000180304],[404538.196800000034273,7409453.099299999885261],[404537.976099999621511,7409420.7972999997437],[404524.385499999858439,7409420.946600000374019]]]]}},
{"type":"Feature","properties":{"fid":73886.0,"OBJECTID":76823.0,"COORD_X":404517.84554523003,"COORD_Y":7409437.21395911,"LONGITUDE":-51.93460434,"LATITUDE":-23.42215285,"ESQUINA":"S"},"geometry":{"type":"MultiPolygon","coordinates":[[[[404511.101700000464916,7409453.306800000369549],[404512.033400000073016,7409453.299700000323355],[404524.904900000430644,7409453.201100000180304],[404524.385499999858439,7409420.946600000374019],[404512.275899999774992,7409421.079599999822676],[404510.9841,7409420.99129999987781],[404511.101700000464916,7409453.306800000369549]]]]}},
{"type":"Feature","properties":{"fid":73887.0,"OBJECTID":76824.0,"COORD_X":404570.76293199998,"COORD_Y":7409432.6796039799,"LONGITUDE":-51.93408671,"LATITUDE":-23.4221969,"ESQUINA":"N"},"geometry":{"type":"MultiPolygon","coordinates":[[[[404564.197700000368059,7409452.900100000202656],[404575.635099999606609,7409452.812599999830127],[404577.267300000414252,7409452.800099999643862],[404577.808899999596179,7409413.0614],[404563.933100000023842,7409412.8734],[404563.808500000275671,7409412.8717],[404564.197700000368059,7409452.900100000202656]]]]}},
{"type":"Feature","properties":{"fid":73998.0,"OBJECTID":76856.0,"COORD_X":404459.64866909001,"COORD_Y":7409489.7256522896,"LONGITUDE":-51.93517059,"LATITUDE":-23.42167517,"ESQUINA":"N"},"geometry":{"type":"MultiPolygon","coordinates":[[[[404453.240500000305474,7409505.589700000360608],[404466.145899999886751,7409505.847099999897182],[404466.036700000055134,7409495.023699999786913],[404465.81969999987632,7409473.513799999840558],[404453.34389999974519,7409473.589700000360608],[404453.240500000305474,7409505.589700000360608]]]]}},
{"type":"Feature","properties":{"fid":73999.0,"OBJECTID":76857.0,"COORD_X":404479.42603356001,"COORD_Y":7409500.6358864103,"LONGITUDE":-51.93497633,"LATITUDE":-23.42157779,"ESQUINA":"N"},"geometry":{"type":"MultiPolygon","coordinates":[[[[404466.145899999886751,7409505.847099999897182],[404492.67989999987185,7409506.376500000245869],[404492.638299999758601,7409495.302699999883771],[404484.192999999970198,7409495.214100000448525],[404466.036700000055134,7409495.023699999786913],[404466.145899999886751,7409505.847099999897182]]]]}},
{"type":"Feature","properties":{"fid":74001.0,"OBJECTID":76859.0,"COORD_X":404427.81715448998,"COORD_Y":7409533.6378405299,"LONGITUDE":-51.93547934,"LATITUDE":-23.4212767,"ESQUINA":"N"},"geometry":{"type":"MultiPolygon","coordinates":[[[[404415.044800000265241,7409553.728199999779463],[404440.915000000037253,7409553.654299999587238],[404440.7045,7409513.604600000195205],[404427.530500000342727,7409513.643799999728799],[404414.604600000195205,7409513.682300000451505],[404415.044800000265241,7409553.728199999779463]]]]}},
{"type":"Feature","properties":{"fid":74284.0,"OBJECTID":82204.0,"COORD_X":404596.04333565,"COORD_Y":7409333.2788196998,"LONGITUDE":-51.93384559,"LATITUDE":-23.42309614,"ESQUINA":"N"},"geometry":{"type":"MultiPolygon","coordinates":[[[[404602.693099999800324,7409352.94620000012219],[404602.153699999675155,7409312.690700000151992],[404589.458700000308454,7409312.756799999624491],[404589.855299999937415,7409352.941100000403821],[404602.693099999800324,7409352.94620000012219]]]]}},
{"type":"Feature","properties":{"fid":74285.0,"OBJECTID":82205.0,"COORD_X":404583.0214887,"COORD_Y":7409333.39831034,"LONGITUDE":-51.93397303,"LATITUDE":-23.4230943,"ESQUINA":"N"},"geometry":{"type":"MultiPolygon","coordinates":[[[[404589.855299999937415,7409352.941100000403821],[404589.458700000308454,7409312.756799999624491],[404576.525600000284612,7409312.824099999852479],[404576.282100000418723,7409312.825299999676645],[404576.482900000177324,7409352.9359],[404589.855299999937415,7409352.941100000403821]]]]}},
{"type":"Feature","properties":{"fid":74286.0,"OBJECTID":82206.0,"COORD_X":404569.96903613,"COORD_Y":7409332.8605955001,"LONGITUDE":-51.93410081,"LATITUDE":-23.42309839,"ESQUINA":"N"},"geometry":{"type":"MultiPolygon","coordinates":[[[[404563.638100000098348,7409312.891099999658763],[404563.350899999961257,7409312.8926],[404563.762600000016391,7409353.008399999700487],[404576.482900000177324,7409352.9359],[404576.282100000418723,7409312.825299999676645],[404563.638100000098348,7409312.891099999658763]]]]}},
{"type":"Feature","properties":{"fid":74287.0,"OBJECTID":82207.0,"COORD_X":404530.74542862998,"COORD_Y":7409313.3565293001,"LONGITUDE":-51.93448594,"LATITUDE":-23.42327225,"ESQUINA":"N"},"geometry":{"type":"MultiPolygon","coordinates":[[[[404510.743599999696016,7409320.586900000460446],[404511.730999999679625,7409320.590900000184774],[404537.440200000070035,7409320.5318],[404550.435999999754131,7409320.502000000327826],[404550.36600000038743,7409312.960199999623001],[404550.29839999973774,7409305.69510000012815],[404537.486399999819696,7409305.998499999754131],[404524.041299999691546,7409306.316999999806285],[404510.724600000306964,7409306.632399999536574],[404510.743599999696016,7409320.586900000460446]]]]}},
{"type":"Feature","properties":{"fid":74644.0,"OBJECTID":80951.0,"COORD_X":404626.24741625,"COORD_Y":7409479.7028924804,"LONGITUDE":-51.93354069,"LATITUDE":-23.42177544,"ESQUINA":"N"},"geometry":{"type":"MultiPolygon","coordinates":[[[[404636.165000000037253,7409486.527099999599159],[404636.240799999795854,7409472.7818],[404616.313900000415742,7409472.849600000306964],[404616.305499999783933,7409486.668499999679625],[404636.165000000037253,7409486.527099999599159]]]]}},
{"type":"Feature","properties":{"fid":74645.0,"OBJECTID":80952.0,"COORD_X":404646.07916813,"COORD_Y":7409479.6265910696,"LONGITUDE":-51.9333466,"LATITUDE":-23.42177729,"ESQUINA":"S"},"geometry":{"type":"MultiPolygon","coordinates":[[[[404636.165000000037253,7409486.527099999599159],[404656.053999999538064,7409486.385499999858439],[404655.993300000205636,7409473.986600000411272],[404654.928999999538064,7409472.7182],[404636.240799999795854,7409472.7818],[404636.165000000037253,7409486.527099999599159]]]]}},
{"type":"Feature","properties":{"fid":74646.0,"OBJECTID":80953.0,"COORD_X":404636.21838263999,"COORD_Y":7409492.9922249597,"LONGITUDE":-51.93344226,"LATITUDE":-23.421656,"ESQUINA":"N"},"geometry":{"type":"MultiPolygon","coordinates":[[[[404656.11739999987185,7409499.360399999655783],[404656.053999999538064,7409486.385499999858439],[404636.165000000037253,7409486.527099999599159],[404616.305499999783933,7409486.668499999679625],[404616.2977,7409499.547399999573827],[404656.11739999987185,7409499.360399999655783]]]]}},
{"type":"Feature","properties":{"fid":74649.0,"OBJECTID":80956.0,"COORD_X":404557.90659229999,"COORD_Y":7409529.4799359497,"LONGITUDE":-51.9342064,"LATITUDE":-23.42132187,"ESQUINA":"N"},"geometry":{"type":"MultiPolygon","coordinates":[[[[404551.372800000011921,7409520.543499999679625],[404551.351300000213087,7409553.238900000229478],[404564.711400000378489,7409553.190899999812245],[404564.298499999567866,7409512.897199999541044],[404564.222000000067055,7409505.434399999678135],[404551.214700000360608,7409505.57799999974668],[404551.372800000011921,7409520.543499999679625]]]]}},
{"type":"Feature","properties":{"fid":74651.0,"OBJECTID":80958.0,"COORD_X":404531.82149956003,"COORD_Y":7409513.2634303998,"LONGITUDE":-51.93446273,"LATITUDE":-23.42146681,"ESQUINA":"N"},"geometry":{"type":"MultiPolygon","coordinates":[[[[404512.276100000366569,7409506.007799999788404],[404512.373100000433624,7409520.917299999855459],[404525.880800000391901,7409520.7878],[404538.417899999767542,7409520.667600000277162],[404551.372800000011921,7409520.543499999679625],[404551.214700000360608,7409505.57799999974668],[404538.363699999637902,7409505.7198],[404527.412200000137091,7409505.840699999593198],[404512.276100000366569,7409506.007799999788404]]]]}},
{"type":"Feature","properties":{"fid":74652.0,"OBJECTID":80959.0,"COORD_X":404570.73814167001,"COORD_Y":7409492.8645425802,"LONGITUDE":-51.93408314,"LATITUDE":-23.42165332,"ESQUINA":"N"},"geometry":{"type":"MultiPolygon","coordinates":[[[[404563.889899999834597,7409473.028],[404564.222000000067055,7409505.434399999678135],[404564.298499999567866,7409512.897199999541044],[404577.412899999879301,7409512.895499999634922],[404577.348500000312924,7409472.982200000435114],[404563.889899999834597,7409473.028]]]]}},
{"type":"Feature","properties":{"fid":74851.0,"OBJECTID":81003.0,"COORD_X":404407.09581699996,"COORD_Y":7409393.8488436602,"LONGITUDE":-51.93569103,"LATITUDE":-23.42253802,"ESQUINA":"N"},"geometry":{"type":"MultiPolygon","coordinates":[[[[404400.737300000153482,7409414.06940000038594],[404413.791600000113249,7409414.0499],[404413.449799999594688,7409373.598500000312924],[404400.398400000296533,7409373.675099999643862],[404400.737300000153482,7409414.06940000038594]]]]}},
{"type":"Feature","properties":{"fid":74852.0,"OBJECTID":81004.0,"COORD_X":404426.58803295001,"COORD_Y":7409393.7742098998,"LONGITUDE":-51.93550026,"LATITUDE":-23.42253984,"ESQUINA":"N"},"geometry":{"type":"MultiPolygon","coordinates":[[[[404439.705900000408292,7409414.011400000192225],[404439.650200000032783,7409407.059899999760091],[404439.380599999800324,7409373.44620000012219],[404413.449799999594688,7409373.598500000312924],[404413.791600000113249,7409414.0499],[404426.914300000295043,7409414.030399999581277],[404439.705900000408292,7409414.011400000192225]]]]}},
{"type":"Feature","properties":{"fid":74853.0,"OBJECTID":81005.0,"COORD_X":404298.86899788002,"COORD_Y":7409493.791458929,"LONGITUDE":-51.93674392,"LATITUDE":-23.42162901,"ESQUINA":"N"},"geometry":{"type":"MultiPolygon","coordinates":[[[[404279.343999999575317,7409499.365199999883771],[404318.805900000035763,7409499.2028],[404318.783400000073016,7409488.519000000320375],[404279.716500000096858,7409488.092199999839067],[404279.254900000058115,7409488.0872],[404279.343999999575317,7409499.365199999883771]]]]}},
{"type":"Feature","properties":{"fid":74854.0,"OBJECTID":81006.0,"COORD_X":404299.08009264001,"COORD_Y":7409506.73453122,"LONGITUDE":-51.93674103,"LATITUDE":-23.42151213,"ESQUINA":"N"},"geometry":{"type":"MultiPolygon","coordinates":[[[[404318.805900000035763,7409499.2028],[404279.343999999575317,7409499.365199999883771],[404279.46239999961108,7409514.344399999827147],[404279.478600000031292,7409514.344200000166893],[404318.837299999780953,7409514.035899999551475],[404318.805900000035763,7409499.2028]]]]}},
{"type":"Feature","properties":{"fid":75767.0,"OBJECTID":80449.0,"COORD_X":404393.91792993998,"COORD_Y":7409334.0205009803,"LONGITUDE":-51.93582381,"LATITUDE":-23.4230776,"ESQUINA":"N"},"geometry":{"type":"MultiPolygon","coordinates":[[[[404400.456600000150502,7409313.909300000406802],[404387.259399999864399,7409313.951299999840558],[404387.201500000432134,7409353.97690000012517],[404400.758399999700487,7409353.885800000280142],[404400.456600000150502,7409313.909300000406802]]]]}},
{"type":"Feature","properties":{"fid":75783.0,"OBJECTID":80466.0,"COORD_X":404368.57432572002,"COORD_Y":7409494.4811766399,"LONGITUDE":-51.93606165,"LATITUDE":-23.42162687,"ESQUINA":"N"},"geometry":{"type":"MultiPolygon","coordinates":[[[[404388.507799999788404,7409500.8925],[404388.340699999593198,7409487.956000000238419],[404348.672399999573827,7409488.087299999780953],[404348.728000000119209,7409500.977],[404388.507799999788404,7409500.8925]]]]}},
{"type":"Feature","properties":{"fid":76941.0,"OBJECTID":79587.0,"COORD_X":404478.73123353999,"COORD_Y":7409389.5349416202,"LONGITUDE":-51.93499019,"LATITUDE":-23.42258118,"ESQUINA":"S"},"geometry":{"type":"MultiPolygon","coordinates":[[[[404465.775500000454485,7409405.871600000187755],[404491.88370000012219,7409405.793399999849498],[404491.624900000169873,7409373.139499999582767],[404465.620600000023842,7409373.2922],[404465.775500000454485,7409405.871600000187755]]]]}},
{"type":"Feature","properties":{"fid":76942.0,"OBJECTID":79588.0,"COORD_X":404367.17411020998,"COORD_Y":7409230.6488773199,"LONGITUDE":-51.93609213,"LATITUDE":-23.42400966,"ESQUINA":"S"},"geometry":{"type":"MultiPolygon","coordinates":[[[[404387.263600000180304,7409244.220599999651313],[404386.987300000153482,7409216.943400000222027],[404347.142500000074506,7409217.0016],[404347.370699999853969,7409244.418399999849498],[404387.263600000180304,7409244.220599999651313]]]]}},
{"type":"Feature","properties":{"fid":76943.0,"OBJECTID":79589.0,"COORD_X":404299.33691175998,"COORD_Y":7409481.3330111001,"LONGITUDE":-51.93674013,"LATITUDE":-23.42174156,"ESQUINA":"S"},"geometry":{"type":"MultiPolygon","coordinates":[[[[404279.716500000096858,7409488.092199999839067],[404318.783400000073016,7409488.519000000320375],[404318.758399999700487,7409476.7122],[404316.555200000293553,7409474.098199999891222],[404279.685999999754131,7409474.512699999846518],[404279.716500000096858,7409488.092199999839067]]]]}},
{"type":"Feature","properties":{"fid":76944.0,"OBJECTID":79590.0,"COORD_X":404299.16931735998,"COORD_Y":7409520.7527470198,"LONGITUDE":-51.93673926,"LATITUDE":-23.42138552,"ESQUINA":"N"},"geometry":{"type":"MultiPolygon","coordinates":[[[[404318.837299999780953,7409514.035899999551475],[404279.478600000031292,7409514.344200000166893],[404279.589900000020862,7409527.520200000144541],[404294.366499999538064,7409527.369300000369549],[404318.864900000393391,7409527.119099999777973],[404318.837299999780953,7409514.035899999551475]]]]}},
{"type":"Feature","properties":{"fid":77009.0,"OBJECTID":80351.0,"COORD_X":404760.13246009999,"COORD_Y":7409392.281733891,"LONGITUDE":-51.93223586,"LATITUDE":-23.42257284,"ESQUINA":"N"},"geometry":{"type":"MultiPolygon","coordinates":[[[[404773.401600000448525,7409411.762900000438094],[404773.261099999770522,7409372.5258],[404746.777599999681115,7409373.0378],[404746.99129999987781,7409411.838499999605119],[404773.401600000448525,7409411.762900000438094]]]]}},
{"type":"Feature","properties":{"fid":77011.0,"OBJECTID":80353.0,"COORD_X":404584.17198823002,"COORD_Y":7409533.0047760196,"LONGITUDE":-51.93394911,"LATITUDE":-23.42129157,"ESQUINA":"N"},"geometry":{"type":"MultiPolygon","coordinates":[[[[404577.412899999879301,7409512.895499999634922],[404577.827899999916553,7409553.143699999898672],[404590.928199999965727,7409553.096599999815226],[404590.524000000208616,7409512.893799999728799],[404590.302199999801815,7409512.893899999558926],[404577.412899999879301,7409512.895499999634922]]]]}},
{"type":"Feature","properties":{"fid":77503.0,"OBJECTID":85976.0,"COORD_X":404298.18755740998,"COORD_Y":7409347.2217837498,"LONGITUDE":-51.93675991,"LATITUDE":-23.42295275,"ESQUINA":"S"},"geometry":{"type":"MultiPolygon","coordinates":[[[[404278.645899999886751,7409340.365600000135601],[404278.857099999673665,7409354.615000000223517],[404315.532100000418723,7409353.997700000181794],[404318.067900000140071,7409351.725499999709427],[404317.878100000321865,7409340.070299999788404],[404309.862399999983609,7409340.130599999800324],[404278.645899999886751,7409340.365600000135601]]]]}},
{"type":"Feature","properties":{"fid":78032.0,"OBJECTID":85974.0,"COORD_X":404297.96791702003,"COORD_Y":7409320.9234107696,"LONGITUDE":-51.93676373,"LATITUDE":-23.42319026,"ESQUINA":"N"},"geometry":{"type":"MultiPolygon","coordinates":[[[[404278.262299999594688,7409314.4934],[404278.453200000338256,7409327.369099999777973],[404317.671299999579787,7409327.364],[404317.46129999961704,7409314.465099999681115],[404278.262299999594688,7409314.4934]]]]}},
{"type":"Feature","properties":{"fid":78033.0,"OBJECTID":85975.0,"COORD_X":404298.08833309996,"COORD_Y":7409333.7930321898,"LONGITUDE":-51.93676174,"LATITUDE":-23.42307403,"ESQUINA":"N"},"geometry":{"type":"MultiPolygon","coordinates":[[[[404278.645899999886751,7409340.365600000135601],[404309.862399999983609,7409340.130599999800324],[404317.878100000321865,7409340.070299999788404],[404317.671299999579787,7409327.364],[404278.453200000338256,7409327.369099999777973],[404278.645899999886751,7409340.365600000135601]]]]}},
{"type":"Feature","properties":{"fid":78289.0,"OBJECTID":84644.0,"COORD_X":404543.29241169005,"COORD_Y":7409179.0084060896,"LONGITUDE":-51.93437167,"LATITUDE":-23.42448639,"ESQUINA":"N"},"geometry":{"type":"MultiPolygon","coordinates":[[[[404536.845599999651313,7409161.992499999701977],[404536.699199999682605,7409195.825500000268221],[404549.944299999624491,7409195.782599999569356],[404549.698900000192225,7409162.09499999973923],[404536.845599999651313,7409161.992499999701977]]]]}},
{"type":"Feature","properties":{"fid":78290.0,"OBJECTID":84645.0,"COORD_X":404531.25787731004,"COORD_Y":7409178.8359313896,"LONGITUDE":-51.93448947,"LATITUDE":-23.42448724,"ESQUINA":"N"},"geometry":{"type":"MultiPolygon","coordinates":[[[[404525.706699999980628,7409161.903699999675155],[404525.793200000189245,7409195.86089999973774],[404536.699199999682605,7409195.825500000268221],[404536.845599999651313,7409161.992499999701977],[404525.706699999980628,7409161.903699999675155]]]]}},
{"type":"Feature","properties":{"fid":78291.0,"OBJECTID":84646.0,"COORD_X":404464.88455346,"COORD_Y":7409179.6425779397,"LONGITUDE":-51.93513904,"LATITUDE":-23.42447607,"ESQUINA":"N"},"geometry":{"type":"MultiPolygon","coordinates":[[[[404477.775999999605119,7409174.601300000213087],[404477.636199999600649,7409163.124099999666214],[404451.899299999698997,7409163.306699999608099],[404451.993400000035763,7409196.14850000012666],[404478.035000000149012,7409195.8618],[404477.9222999997437,7409186.60840000025928],[404477.853199999779463,7409180.935600000433624],[404477.775999999605119,7409174.601300000213087]]]]}},
{"type":"Feature","properties":{"fid":78296.0,"OBJECTID":84651.0,"COORD_X":404699.78093279997,"COORD_Y":7409223.7095108097,"LONGITUDE":-51.93283722,"LATITUDE":-23.42409181,"ESQUINA":"N"},"geometry":{"type":"MultiPolygon","coordinates":[[[[404726.830699999816716,7409245.53870000038296],[404709.956500000320375,7409220.029500000178814],[404700.941399999894202,7409204.787100000306964],[404694.650700000114739,7409194.0559],[404686.151300000026822,7409177.887000000104308],[404686.541199999861419,7409202.324199999682605],[404687.066399999894202,7409245.653699999675155],[404721.039599999785423,7409245.671799999661744],[404726.830699999816716,7409245.53870000038296]]]]}},
{"type":"Feature","properties":{"fid":78297.0,"OBJECTID":84652.0,"COORD_X":404471.81876431999,"COORD_Y":7409337.2651871303,"LONGITUDE":-51.93506116,"LATITUDE":-23.42305286,"ESQUINA":"N"},"geometry":{"type":"MultiPolygon","coordinates":[[[[404478.387900000438094,7409335.9348],[404478.291899999603629,7409328.433000000193715],[404478.195899999700487,7409320.930100000463426],[404465.257299999706447,7409320.942300000227988],[404465.219100000336766,7409353.4527000002563],[404478.610799999907613,7409353.362700000405312],[404478.485799999907613,7409343.585799999535084],[404478.387900000438094,7409335.9348]]]]}},
{"type":"Feature","properties":{"fid":78302.0,"OBJECTID":84657.0,"COORD_X":404484.72137993999,"COORD_Y":7409227.4819735298,"LONGITUDE":-51.93494185,"LATITUDE":-23.42404515,"ESQUINA":"S"},"geometry":{"type":"MultiPolygon","coordinates":[[[[404487.408999999985099,7409211.191399999894202],[404477.874099999666214,7409211.18790000025183],[404477.865500000305474,7409243.771499999798834],[404491.619199999608099,7409243.703300000168383],[404491.536999999545515,7409211.19400000013411],[404487.408999999985099,7409211.191399999894202]]]]}},
{"type":"Feature","properties":{"fid":78303.0,"OBJECTID":84659.0,"COORD_X":404445.84528294002,"COORD_Y":7409223.9398624199,"LONGITUDE":-51.93532257,"LATITUDE":-23.42407487,"ESQUINA":"N"},"geometry":{"type":"MultiPolygon","coordinates":[[[[404439.043399999849498,7409243.963999999687076],[404452.949300000444055,7409243.894999999552965],[404452.989599999971688,7409211.17879999987781],[404451.994099999777973,7409211.1776],[404452.014899999834597,7409203.639899999834597],[404438.737399999983609,7409203.735999999567866],[404439.043399999849498,7409243.963999999687076]]]]}},
{"type":"Feature","properties":{"fid":78304.0,"OBJECTID":84660.0,"COORD_X":404408.18543064001,"COORD_Y":7409533.7549059596,"LONGITUDE":-51.93567148,"LATITUDE":-23.42127449,"ESQUINA":"N"},"geometry":{"type":"MultiPolygon","coordinates":[[[[404401.385700000450015,7409513.721599999815226],[404401.705299999564886,7409553.76630000025034],[404415.044800000265241,7409553.728199999779463],[404414.604600000195205,7409513.682300000451505],[404401.96100000012666,7409513.7199],[404401.385700000450015,7409513.721599999815226]]]]}},
{"type":"Feature","properties":{"fid":78305.0,"OBJECTID":84661.0,"COORD_X":404368.51971597999,"COORD_Y":7409481.0828493899,"LONGITUDE":-51.93606304,"LATITUDE":-23.42174788,"ESQUINA":"S"},"geometry":{"type":"MultiPolygon","coordinates":[[[[404388.340699999593198,7409487.956000000238419],[404388.160299999639392,7409473.9863],[404350.232499999925494,7409474.217000000178814],[404348.619699999690056,7409475.88370000012219],[404348.672399999573827,7409488.087299999780953],[404388.340699999593198,7409487.956000000238419]]]]}},
{"type":"Feature","properties":{"fid":78306.0,"OBJECTID":84662.0,"COORD_X":404395.04160618997,"COORD_Y":7409513.6077208901,"LONGITUDE":-51.9358014,"LATITUDE":-23.42145568,"ESQUINA":"N"},"geometry":{"type":"MultiPolygon","coordinates":[[[[404401.167700000107288,7409473.907100000418723],[404388.160299999639392,7409473.9863],[404388.340699999593198,7409487.956000000238419],[404388.507799999788404,7409500.8925],[404388.649600000120699,7409511.874200000427663],[404388.673899999819696,7409513.759399999864399],[404388.754900000058115,7409520.0307],[404388.847099999897182,7409527.169599999673665],[404389.024400000460446,7409540.898],[404389.191100000403821,7409553.802000000141561],[404401.705299999564886,7409553.76630000025034],[404401.385700000450015,7409513.721599999815226],[404401.167700000107288,7409473.907100000418723]]]]}},
{"type":"Feature","properties":{"fid":78307.0,"OBJECTID":84663.0,"COORD_X":404407.89188873995,"COORD_Y":7409493.7797085596,"LONGITUDE":-51.93567689,"LATITUDE":-23.42163552,"ESQUINA":"N"},"geometry":{"type":"MultiPolygon","coordinates":[[[[404414.405100000090897,7409473.82660000026226],[404401.699000000022352,7409473.903900000266731],[404401.167700000107288,7409473.907100000418723],[404401.385700000450015,7409513.721599999815226],[404401.96100000012666,7409513.7199],[404414.604600000195205,7409513.682300000451505],[404414.405100000090897,7409473.82660000026226]]]]}},
{"type":"Feature","properties":{"fid":78397.0,"OBJECTID":84664.0,"COORD_X":404421.05791546998,"COORD_Y":7409493.6342848903,"LONGITUDE":-51.93554804,"LATITUDE":-23.4216376,"ESQUINA":"N"},"geometry":{"type":"MultiPolygon","coordinates":[[[[404427.530500000342727,7409513.643799999728799],[404427.687199999578297,7409473.745799999684095],[404414.405100000090897,7409473.82660000026226],[404414.604600000195205,7409513.682300000451505],[404427.530500000342727,7409513.643799999728799]]]]}},
{"type":"Feature","properties":{"fid":78398.0,"OBJECTID":84665.0,"COORD_X":404446.94239404,"COORD_Y":7409493.52037655,"LONGITUDE":-51.93529471,"LATITUDE":-23.42164015,"ESQUINA":"N"},"geometry":{"type":"MultiPolygon","coordinates":[[[[404453.240500000305474,7409505.589700000360608],[404453.34389999974519,7409473.589700000360608],[404440.502600000239909,7409473.6678],[404440.7045,7409513.604600000195205],[404453.214800000190735,7409513.567300000227988],[404453.240500000305474,7409505.589700000360608]]]]}},
{"type":"Feature","properties":{"fid":78703.0,"OBJECTID":84283.0,"COORD_X":404301.66135300999,"COORD_Y":7409184.7669874895,"LONGITUDE":-51.93673625,"LATITUDE":-23.42442021,"ESQUINA":"S"},"geometry":{"type":"MultiPolygon","coordinates":[[[[404286.456299999728799,7409204.573200000450015],[404287.086600000038743,7409204.571899999864399],[404316.996700000017881,7409204.50789999961853],[404316.451999999582767,7409164.732800000347197],[404286.711900000460446,7409164.902700000442564],[404286.456299999728799,7409204.573200000450015]]]]}},
{"type":"Feature","properties":{"fid":78704.0,"OBJECTID":84284.0,"COORD_X":404274.21679725993,"COORD_Y":7409184.7082086997,"LONGITUDE":-51.93700486,"LATITUDE":-23.42441913,"ESQUINA":"N"},"geometry":{"type":"MultiPolygon","coordinates":[[[[404261.673999999649823,7409165.045699999667704],[404262.00690000038594,7409204.6255],[404286.456299999728799,7409204.573200000450015],[404286.711900000460446,7409164.902700000442564],[404261.673999999649823,7409165.045699999667704]]]]}},
{"type":"Feature","properties":{"fid":78726.0,"OBJECTID":84307.0,"COORD_X":404259.35285820998,"COORD_Y":7409394.6104617994,"LONGITUDE":-51.93713698,"LATITUDE":-23.42252247,"ESQUINA":"N"},"geometry":{"type":"MultiPolygon","coordinates":[[[[404278.693199999630451,7409374.487599999643862],[404240.058199999853969,7409374.6612],[404240.106900000013411,7409414.837899999693036],[404252.975399999879301,7409414.725700000301003],[404265.996100000105798,7409414.612099999561906],[404278.605399999767542,7409414.502100000157952],[404278.633899999782443,7409401.508899999782443],[404278.662899999879301,7409388.307699999772012],[404278.693199999630451,7409374.487599999643862]]]]}},
{"type":"Feature","properties":{"fid":78727.0,"OBJECTID":84308.0,"COORD_X":404298.50361512002,"COORD_Y":7409394.7393848598,"LONGITUDE":-51.9367538,"LATITUDE":-23.42252361,"ESQUINA":"N"},"geometry":{"type":"MultiPolygon","coordinates":[[[[404278.633899999782443,7409401.508899999782443],[404318.392300000414252,7409401.113699999637902],[404318.442599999718368,7409388.028599999845028],[404309.38910000026226,7409388.0921],[404297.099499999545515,7409388.178399999625981],[404278.662899999879301,7409388.307699999772012],[404278.633899999782443,7409401.508899999782443]]]]}},
{"type":"Feature","properties":{"fid":78728.0,"OBJECTID":84309.0,"COORD_X":404298.50576243998,"COORD_Y":7409407.8193543497,"LONGITUDE":-51.93675294,"LATITUDE":-23.42240547,"ESQUINA":"N"},"geometry":{"type":"MultiPolygon","coordinates":[[[[404318.392300000414252,7409401.113699999637902],[404278.633899999782443,7409401.508899999782443],[404278.605399999767542,7409414.502100000157952],[404279.478900000452995,7409414.4945],[404318.342199999839067,7409414.155500000342727],[404318.392300000414252,7409401.113699999637902]]]]}},
{"type":"Feature","properties":{"fid":78730.0,"OBJECTID":84311.0,"COORD_X":404272.53738247999,"COORD_Y":7409334.45348607,"LONGITUDE":-51.93701177,"LATITUDE":-23.42306657,"ESQUINA":"N"},"geometry":{"type":"MultiPolygon","coordinates":[[[[404267.002000000327826,7409354.616399999707937],[404278.857099999673665,7409354.615000000223517],[404278.645899999886751,7409340.365600000135601],[404278.453200000338256,7409327.369099999777973],[404278.262299999594688,7409314.4934],[404266.035400000400841,7409314.5022],[404267.002000000327826,7409354.616399999707937]]]]}},
{"type":"Feature","properties":{"fid":78856.0,"OBJECTID":84797.0,"COORD_X":404571.06144701003,"COORD_Y":7409533.0324843004,"LONGITUDE":-51.93407742,"LATITUDE":-23.42129055,"ESQUINA":"N"},"geometry":{"type":"MultiPolygon","coordinates":[[[[404577.412899999879301,7409512.895499999634922],[404564.298499999567866,7409512.897199999541044],[404564.711400000378489,7409553.190899999812245],[404577.827899999916553,7409553.143699999898672],[404577.412899999879301,7409512.895499999634922]]]]}},
{"type":"Feature","properties":{"fid":79057.0,"OBJECTID":82651.0,"COORD_X":404517.42193911999,"COORD_Y":7409289.8084344398,"LONGITUDE":-51.93461784,"LATITUDE":-23.42348415,"ESQUINA":"S"},"geometry":{"type":"MultiPolygon","coordinates":[[[[404510.724600000306964,7409306.632399999536574],[404524.041299999691546,7409306.316999999806285],[404524.262000000104308,7409273.165400000289083],[404510.67920000012964,7409273.338000000454485],[404510.724600000306964,7409306.632399999536574]]]]}},
{"type":"Feature","properties":{"fid":79058.0,"OBJECTID":82652.0,"COORD_X":404530.74986128998,"COORD_Y":7409289.7202817705,"LONGITUDE":-51.9344874,"LATITUDE":-23.42348573,"ESQUINA":"N"},"geometry":{"type":"MultiPolygon","coordinates":[[[[404537.228799999691546,7409273.0005],[404524.262000000104308,7409273.165400000289083],[404524.041299999691546,7409306.316999999806285],[404537.486399999819696,7409305.998499999754131],[404537.228799999691546,7409273.0005]]]]}},
{"type":"Feature","properties":{"fid":79059.0,"OBJECTID":82653.0,"COORD_X":404543.74722686998,"COORD_Y":7409289.3936497699,"LONGITUDE":-51.93436021,"LATITUDE":-23.42348944,"ESQUINA":"N"},"geometry":{"type":"MultiPolygon","coordinates":[[[[404537.486399999819696,7409305.998499999754131],[404550.29839999973774,7409305.69510000012815],[404549.99309999961406,7409272.838200000114739],[404537.228799999691546,7409273.0005],[404537.486399999819696,7409305.998499999754131]]]]}},
{"type":"Feature","properties":{"fid":79060.0,"OBJECTID":82654.0,"COORD_X":404556.76613960997,"COORD_Y":7409292.89378672,"LONGITUDE":-51.93423257,"LATITUDE":-23.42345859,"ESQUINA":"N"},"geometry":{"type":"MultiPolygon","coordinates":[[[[404563.350899999961257,7409312.8926],[404563.638100000098348,7409312.891099999658763],[404563.054100000299513,7409272.6722],[404549.99309999961406,7409272.838200000114739],[404550.29839999973774,7409305.69510000012815],[404550.36600000038743,7409312.960199999623001],[404563.350899999961257,7409312.8926]]]]}},
{"type":"Feature","properties":{"fid":79071.0,"OBJECTID":82665.0,"COORD_X":404813.20415756002,"COORD_Y":7409344.4779115999,"LONGITUDE":-51.93171946,"LATITUDE":-23.42300769,"ESQUINA":"S"},"geometry":{"type":"MultiPolygon","coordinates":[[[[404802.630699999630451,7409351.632399999536574],[404829.033599999733269,7409351.423000000417233],[404830.09360000025481,7409347.191499999724329],[404827.047600000165403,7409344.737200000323355],[404801.654400000348687,7409331.624099999666214],[404802.630699999630451,7409351.632399999536574]]]]}},
{"type":"Feature","properties":{"fid":79126.0,"OBJECTID":83773.0,"COORD_X":404525.26750235003,"COORD_Y":7409489.4836763097,"LONGITUDE":-51.93452838,"LATITUDE":-23.42168119,"ESQUINA":"S"},"geometry":{"type":"MultiPolygon","coordinates":[[[[404527.412200000137091,7409505.840699999593198],[404538.363699999637902,7409505.7198],[404538.390700000338256,7409490.4084],[404538.42119999974966,7409473.114699999801815],[404512.062800000421703,7409473.204400000162423],[404512.276100000366569,7409506.007799999788404],[404527.412200000137091,7409505.840699999593198]]]]}},
{"type":"Feature","properties":{"fid":79129.0,"OBJECTID":83776.0,"COORD_X":404551.21148688998,"COORD_Y":7409489.3655379098,"LONGITUDE":-51.93427447,"LATITUDE":-23.42168378,"ESQUINA":"N"},"geometry":{"type":"MultiPolygon","coordinates":[[[[404538.390700000338256,7409490.4084],[404538.363699999637902,7409505.7198],[404551.214700000360608,7409505.57799999974668],[404564.222000000067055,7409505.434399999678135],[404563.889899999834597,7409473.028],[404538.42119999974966,7409473.114699999801815],[404538.390700000338256,7409490.4084]]]]}},
{"type":"Feature","properties":{"fid":79131.0,"OBJECTID":83778.0,"COORD_X":404472.82580480003,"COORD_Y":7409513.5188975101,"LONGITUDE":-51.93504011,"LATITUDE":-23.42146104,"ESQUINA":"N"},"geometry":{"type":"MultiPolygon","coordinates":[[[[404492.67989999987185,7409506.376500000245869],[404466.145899999886751,7409505.847099999897182],[404453.240500000305474,7409505.589700000360608],[404453.214800000190735,7409513.567300000227988],[404453.702899999916553,7409513.565899999812245],[404453.709099999628961,7409521.30449999962002],[404479.800400000065565,7409521.030299999751151],[404492.734400000423193,7409520.894299999810755],[404492.67989999987185,7409506.376500000245869]]]]}},
{"type":"Feature","properties":{"fid":79149.0,"OBJECTID":84060.0,"COORD_X":404635.88248421001,"COORD_Y":7409399.6092538601,"LONGITUDE":-51.93345147,"LATITUDE":-23.42249939,"ESQUINA":"N"},"geometry":{"type":"MultiPolygon","coordinates":[[[[404615.666500000283122,7409386.942300000227988],[404615.958499999716878,7409412.792700000107288],[404655.909900000318885,7409412.511300000362098],[404655.77489999961108,7409386.22829999960959],[404615.666500000283122,7409386.942300000227988]]]]}},
{"type":"Feature","properties":{"fid":79152.0,"OBJECTID":84063.0,"COORD_X":404740.37669927999,"COORD_Y":7409492.2482875502,"LONGITUDE":-51.93242289,"LATITUDE":-23.42166881,"ESQUINA":"N"},"geometry":{"type":"MultiPolygon","coordinates":[[[[404747.576000000350177,7409472.453599999658763],[404732.935600000433624,7409472.608099999837577],[404733.142699999734759,7409512.025700000114739],[404747.782200000248849,7409511.960900000296533],[404747.635400000028312,7409472.451999999582767],[404747.576000000350177,7409472.453599999658763]]]]}},
{"type":"Feature","properties":{"fid":79153.0,"OBJECTID":84064.0,"COORD_X":404762.31631820998,"COORD_Y":7409492.0969227199,"LONGITUDE":-51.93220817,"LATITUDE":-23.42167146,"ESQUINA":"N"},"geometry":{"type":"MultiPolygon","coordinates":[[[[404776.830500000156462,7409472.144500000402331],[404762.399000000208616,7409472.29700000025332],[404747.635400000028312,7409472.45299999974668],[404747.782200000248849,7409511.960900000296533],[404762.389200000092387,7409511.896300000138581],[404762.575000000186265,7409511.895499999634922],[404776.973100000061095,7409511.831799999810755],[404776.830500000156462,7409472.144500000402331]]]]}},
{"type":"Feature","properties":{"fid":79154.0,"OBJECTID":84065.0,"COORD_X":404784.10683968,"COORD_Y":7409491.8312611599,"LONGITUDE":-51.93199491,"LATITUDE":-23.42167513,"ESQUINA":"N"},"geometry":{"type":"MultiPolygon","coordinates":[[[[404776.973100000061095,7409511.831799999810755],[404776.989299999549985,7409511.8317],[404791.16579999960959,7409511.75],[404791.448900000192225,7409471.990000000223517],[404776.830500000156462,7409472.144500000402331],[404776.973100000061095,7409511.831799999810755]]]]}},
{"type":"Feature","properties":{"fid":79155.0,"OBJECTID":84066.0,"COORD_X":404798.48561181,"COORD_Y":7409491.9126951303,"LONGITUDE":-51.93185418,"LATITUDE":-23.42167523,"ESQUINA":"N"},"geometry":{"type":"MultiPolygon","coordinates":[[[[404805.737099999561906,7409511.6661],[404805.582999999634922,7409471.840599999763072],[404791.448900000192225,7409471.990000000223517],[404791.16579999960959,7409511.75],[404805.737099999561906,7409511.6661]]]]}},
{"type":"Feature","properties":{"fid":79156.0,"OBJECTID":84067.0,"COORD_X":404812.87416190997,"COORD_Y":7409491.7295891996,"LONGITUDE":-51.93171337,"LATITUDE":-23.42167773,"ESQUINA":"N"},"geometry":{"type":"MultiPolygon","coordinates":[[[[404805.737099999561906,7409511.6661],[404820.236899999901652,7409511.582600000314415],[404819.930499999783933,7409471.6892],[404805.582999999634922,7409471.840599999763072],[404805.737099999561906,7409511.6661]]]]}},
{"type":"Feature","properties":{"fid":79157.0,"OBJECTID":84068.0,"COORD_X":404827.53278488998,"COORD_Y":7409491.5660280297,"LONGITUDE":-51.93156991,"LATITUDE":-23.42168006,"ESQUINA":"N"},"geometry":{"type":"MultiPolygon","coordinates":[[[[404820.236899999901652,7409511.582600000314415],[404835.110799999907613,7409511.496899999678135],[404834.8443,7409471.531600000336766],[404819.930499999783933,7409471.6892],[404820.236899999901652,7409511.582600000314415]]]]}},
{"type":"Feature","properties":{"fid":79446.0,"OBJECTID":84147.0,"COORD_X":404413.48689961998,"COORD_Y":7409333.8376705702,"LONGITUDE":-51.93563229,"LATITUDE":-23.4230804,"ESQUINA":"N"},"geometry":{"type":"MultiPolygon","coordinates":[[[[404425.481399999931455,7409313.829800000414252],[404400.456600000150502,7409313.909300000406802],[404400.758399999700487,7409353.885800000280142],[404426.541500000283122,7409353.712600000202656],[404426.21059999987483,7409313.827399999834597],[404425.481399999931455,7409313.829800000414252]]]]}},
{"type":"Feature","properties":{"fid":79447.0,"OBJECTID":84148.0,"COORD_X":404367.68733509001,"COORD_Y":7409407.6177561004,"LONGITUDE":-51.93607586,"LATITUDE":-23.42241135,"ESQUINA":"N"},"geometry":{"type":"MultiPolygon","coordinates":[[[[404387.866200000047684,7409414.088200000114739],[404387.864099999889731,7409401.263000000268221],[404347.724200000055134,7409401.018899999558926],[404347.668600000441074,7409401.0186],[404347.611499999649823,7409414.095700000412762],[404347.799899999983609,7409414.095700000412762],[404387.866200000047684,7409414.088200000114739]]]]}},
{"type":"Feature","properties":{"fid":79448.0,"OBJECTID":84149.0,"COORD_X":404371.33672735997,"COORD_Y":7409389.6680829404,"LONGITUDE":-51.93604128,"LATITUDE":-23.42257368,"ESQUINA":"N"},"geometry":{"type":"MultiPolygon","coordinates":[[[[404347.650100000202656,7409388.2199],[404347.724200000055134,7409401.018899999558926],[404387.864099999889731,7409401.263000000268221],[404387.859400000423193,7409373.748700000345707],[404383.357099999673665,7409373.7752],[404367.055700000375509,7409373.870900000445545],[404366.969600000418723,7409388.019799999892712],[404347.650100000202656,7409388.2199]]]]}},
{"type":"Feature","properties":{"fid":79682.0,"OBJECTID":82764.0,"COORD_X":404368.77421357,"COORD_Y":7409514.0002385601,"LONGITUDE":-51.93605846,"LATITUDE":-23.42145059,"ESQUINA":"N"},"geometry":{"type":"MultiPolygon","coordinates":[[[[404348.728000000119209,7409500.977],[404348.839800000190735,7409526.912499999627471],[404388.847099999897182,7409527.169599999673665],[404388.754900000058115,7409520.0307],[404388.673899999819696,7409513.759399999864399],[404388.649600000120699,7409511.874200000427663],[404388.507799999788404,7409500.8925],[404348.728000000119209,7409500.977]]]]}},
{"type":"Feature","properties":{"fid":79684.0,"OBJECTID":82766.0,"COORD_X":404446.08892940998,"COORD_Y":7409390.1361880712,"LONGITUDE":-51.93530963,"LATITUDE":-23.42257384,"ESQUINA":"N"},"geometry":{"type":"MultiPolygon","coordinates":[[[[404439.650200000032783,7409407.059899999760091],[404452.813000000081956,7409406.674599999561906],[404452.807000000029802,7409405.910400000400841],[404452.552400000393391,7409373.368900000117719],[404448.158499999903142,7409373.3947],[404439.380599999800324,7409373.44620000012219],[404439.650200000032783,7409407.059899999760091]]]]}},
{"type":"Feature","properties":{"fid":79685.0,"OBJECTID":82768.0,"COORD_X":404394.21717840002,"COORD_Y":7409393.9832795104,"LONGITUDE":-51.93581707,"LATITUDE":-23.42253605,"ESQUINA":"N"},"geometry":{"type":"MultiPolygon","coordinates":[[[[404387.859400000423193,7409373.748700000345707],[404387.864099999889731,7409401.263000000268221],[404387.866200000047684,7409414.088200000114739],[404388.136199999600649,7409414.088100000284612],[404400.737300000153482,7409414.06940000038594],[404400.398400000296533,7409373.675099999643862],[404387.859400000423193,7409373.748700000345707]]]]}},
{"type":"Feature","properties":{"fid":79774.0,"OBJECTID":84232.0,"COORD_X":404380.66522673995,"COORD_Y":7409440.8181004403,"LONGITUDE":-51.93594673,"LATITUDE":-23.42211226,"ESQUINA":"S"},"geometry":{"type":"MultiPolygon","coordinates":[[[[404347.950100000016391,7409440.060499999672174],[404348.031200000084937,7409454.073800000362098],[404401.072700000368059,7409454.030500000342727],[404400.9523,7409439.680200000293553],[404400.737300000153482,7409414.06940000038594],[404388.136199999600649,7409414.088100000284612],[404387.866200000047684,7409414.088200000114739],[404387.870600000023842,7409439.774000000208616],[404347.950100000016391,7409440.060499999672174]]]]}},
{"type":"Feature","properties":{"fid":79776.0,"OBJECTID":84235.0,"COORD_X":404447.26427369,"COORD_Y":7409533.5645159092,"LONGITUDE":-51.93528902,"LATITUDE":-23.4212785,"ESQUINA":"N"},"geometry":{"type":"MultiPolygon","coordinates":[[[[404453.214800000190735,7409513.567300000227988],[404440.7045,7409513.604600000195205],[404440.915000000037253,7409553.654299999587238],[404453.735100000165403,7409553.617700000293553],[404453.709099999628961,7409521.30449999962002],[404453.702899999916553,7409513.565899999812245],[404453.214800000190735,7409513.567300000227988]]]]}},
{"type":"Feature","properties":{"fid":79777.0,"OBJECTID":84236.0,"COORD_X":404731.25835138001,"COORD_Y":7409318.2977596596,"LONGITUDE":-51.93252314,"LATITUDE":-23.42323935,"ESQUINA":"S"},"geometry":{"type":"MultiPolygon","coordinates":[[[[404788.250900000333786,7409351.746399999596179],[404788.015599999576807,7409324.541500000283122],[404778.325000000186265,7409318.075299999676645],[404761.511199999600649,7409304.8936],[404727.800699999555945,7409273.689399999566376],[404723.239099999889731,7409272.16330000013113],[404689.971800000406802,7409272.47759999986738],[404690.478099999949336,7409350.593999999575317],[404692.928600000217557,7409352.502299999818206],[404788.250900000333786,7409351.746399999596179]]]]}},
{"type":"Feature","properties":{"fid":79783.0,"OBJECTID":84242.0,"COORD_X":404602.20469295001,"COORD_Y":7409292.4529438801,"LONGITUDE":-51.93378787,"LATITUDE":-23.42346523,"ESQUINA":"N"},"geometry":{"type":"MultiPolygon","coordinates":[[[[404589.458700000308454,7409312.756799999624491],[404602.153699999675155,7409312.690700000151992],[404615.389000000432134,7409312.621799999848008],[404615.224000000394881,7409300.115600000135601],[404614.85329999960959,7409272.013600000180304],[404589.075600000098348,7409272.341400000266731],[404589.458700000308454,7409312.756799999624491]]]]}},
{"type":"Feature","properties":{"fid":79785.0,"OBJECTID":84244.0,"COORD_X":404367.24051244999,"COORD_Y":7409334.05996913,"LONGITUDE":-51.93608491,"LATITUDE":-23.42307568,"ESQUINA":"S"},"geometry":{"type":"MultiPolygon","coordinates":[[[[404387.201500000432134,7409353.97690000012517],[404387.259399999864399,7409313.951299999840558],[404347.284900000318885,7409314.0784],[404347.263199999928474,7409354.245199999772012],[404387.201500000432134,7409353.97690000012517]]]]}},
{"type":"Feature","properties":{"fid":79786.0,"OBJECTID":84245.0,"COORD_X":404434.10734842002,"COORD_Y":7409493.7572854701,"LONGITUDE":-51.93542031,"LATITUDE":-23.42163726,"ESQUINA":"N"},"geometry":{"type":"MultiPolygon","coordinates":[[[[404427.687199999578297,7409473.745799999684095],[404427.530500000342727,7409513.643799999728799],[404440.7045,7409513.604600000195205],[404440.502600000239909,7409473.6678],[404427.687199999578297,7409473.745799999684095]]]]}},
{"type":"Feature","properties":{"fid":79912.0,"OBJECTID":82828.0,"COORD_X":404582.92342190997,"COORD_Y":7409292.7324715601,"LONGITUDE":-51.93397657,"LATITUDE":-23.42346158,"ESQUINA":"N"},"geometry":{"type":"MultiPolygon","coordinates":[[[[404576.622000000439584,7409272.499699999578297],[404576.525600000284612,7409312.824099999852479],[404589.458700000308454,7409312.756799999624491],[404589.075600000098348,7409272.341400000266731],[404576.622000000439584,7409272.499699999578297]]]]}},
{"type":"Feature","properties":{"fid":79913.0,"OBJECTID":82829.0,"COORD_X":404582.63337453001,"COORD_Y":7409222.7645144397,"LONGITUDE":-51.93398385,"LATITUDE":-23.4240935,"ESQUINA":"N"},"geometry":{"type":"MultiPolygon","coordinates":[[[[404576.003700000233948,7409242.8388],[404589.189299999736249,7409242.7434],[404589.436999999918044,7409202.896300000138581],[404588.889600000344217,7409202.897199999541044],[404575.911199999973178,7409202.9183],[404576.003700000233948,7409242.8388]]]]}},
{"type":"Feature","properties":{"fid":80119.0,"OBJECTID":83858.0,"COORD_X":404712.34447379003,"COORD_Y":7409512.68015467,"LONGITUDE":-51.93269595,"LATITUDE":-23.42148263,"ESQUINA":"S"},"geometry":{"type":"MultiPolygon","coordinates":[[[[404691.826999999582767,7409552.7961],[404733.354799999855459,7409552.3629],[404733.142699999734759,7409512.025700000114739],[404732.935600000433624,7409472.608099999837577],[404691.260300000198185,7409473.047799999825656],[404691.826999999582767,7409552.7961]]]]}},
{"type":"Feature","properties":{"fid":80121.0,"OBJECTID":83861.0,"COORD_X":404459.18999202002,"COORD_Y":7409389.5899402397,"LONGITUDE":-51.93518144,"LATITUDE":-23.42257954,"ESQUINA":"N"},"geometry":{"type":"MultiPolygon","coordinates":[[[[404452.552400000393391,7409373.368900000117719],[404452.807000000029802,7409405.910400000400841],[404465.775500000454485,7409405.871600000187755],[404465.620600000023842,7409373.2922],[404452.552400000393391,7409373.368900000117719]]]]}},
{"type":"Feature","properties":{"fid":80122.0,"OBJECTID":83862.0,"COORD_X":404472.34263595007,"COORD_Y":7409413.4468548298,"LONGITUDE":-51.9350512,"LATITUDE":-23.42236484,"ESQUINA":"N"},"geometry":{"type":"MultiPolygon","coordinates":[[[[404478.690100000239909,7409420.975700000301003],[404492.002999999560416,7409420.836500000208616],[404491.88370000012219,7409405.793399999849498],[404465.775500000454485,7409405.871600000187755],[404452.807000000029802,7409405.910400000400841],[404452.813000000081956,7409406.674599999561906],[404452.927000000141561,7409421.245199999772012],[404466.04839999973774,7409421.108],[404478.690100000239909,7409420.975700000301003]]]]}},
{"type":"Feature","properties":{"fid":80203.0,"OBJECTID":83607.0,"COORD_X":404531.39168911002,"COORD_Y":7409389.5335399797,"LONGITUDE":-51.93447479,"LATITUDE":-23.42258428,"ESQUINA":"N"},"geometry":{"type":"MultiPolygon","coordinates":[[[[404537.617300000041723,7409373.151600000448525],[404524.974100000225008,7409373.169499999843538],[404524.974100000225008,7409373.2736],[404524.80599999986589,7409405.647599999792874],[404538.173499999567866,7409405.562599999830127],[404537.621399999596179,7409373.372899999842048],[404537.617300000041723,7409373.151600000448525]]]]}},
{"type":"Feature","properties":{"fid":80204.0,"OBJECTID":83608.0,"COORD_X":404557.19188288,"COORD_Y":7409393.0681768404,"LONGITUDE":-51.93422205,"LATITUDE":-23.42255387,"ESQUINA":"N"},"geometry":{"type":"MultiPolygon","coordinates":[[[[404563.545300000347197,7409373.114799999631941],[404550.669599999673665,7409373.133100000210106],[404550.666000000201166,7409373.4753],[404550.612099999561906,7409405.4835],[404550.599999999627471,7409412.692699999548495],[404550.846599999815226,7409412.696100000292063],[404563.808500000275671,7409412.8717],[404563.933100000023842,7409412.8734],[404563.548899999819696,7409373.576399999670684],[404563.545300000347197,7409373.114799999631941]]]]}},
{"type":"Feature","properties":{"fid":80205.0,"OBJECTID":83609.0,"COORD_X":404596.34832206002,"COORD_Y":7409392.9693468502,"LONGITUDE":-51.93383882,"LATITUDE":-23.42255705,"ESQUINA":"N"},"geometry":{"type":"MultiPolygon","coordinates":[[[[404589.832000000402331,7409373.126500000245869],[404590.006199999712408,7409412.975499999709427],[404602.780199999921024,7409412.885499999858439],[404602.778800000436604,7409373.068199999630451],[404589.832000000402331,7409373.126500000245869]]]]}},
{"type":"Feature","properties":{"fid":80206.0,"OBJECTID":83610.0,"COORD_X":404609.25642142002,"COORD_Y":7409393.0540547101,"LONGITUDE":-51.93371248,"LATITUDE":-23.42255704,"ESQUINA":"N"},"geometry":{"type":"MultiPolygon","coordinates":[[[[404602.778800000436604,7409373.068199999630451],[404602.780199999921024,7409412.885499999858439],[404615.958499999716878,7409412.792700000107288],[404615.666500000283122,7409386.942300000227988],[404615.509200000204146,7409373.010900000110269],[404602.778800000436604,7409373.068199999630451]]]]}},
{"type":"Feature","properties":{"fid":80280.0,"OBJECTID":83611.0,"COORD_X":404557.0544815,"COORD_Y":7409332.9959557196,"LONGITUDE":-51.9342272,"LATITUDE":-23.42309641,"ESQUINA":"N"},"geometry":{"type":"MultiPolygon","coordinates":[[[[404550.36600000038743,7409312.960199999623001],[404550.435999999754131,7409320.502000000327826],[404550.738800000399351,7409353.082600000314415],[404563.762600000016391,7409353.008399999700487],[404563.350899999961257,7409312.8926],[404550.36600000038743,7409312.960199999623001]]]]}},
{"type":"Feature","properties":{"fid":80281.0,"OBJECTID":83612.0,"COORD_X":404544.08810383,"COORD_Y":7409336.8183043003,"LONGITUDE":-51.93435387,"LATITUDE":-23.42306113,"ESQUINA":"N"},"geometry":{"type":"MultiPolygon","coordinates":[[[[404550.435999999754131,7409320.502000000327826],[404537.440200000070035,7409320.5318],[404537.46129999961704,7409322.802899999544024],[404537.743300000205636,7409353.156700000166893],[404550.738800000399351,7409353.082600000314415],[404550.435999999754131,7409320.502000000327826]]]]}},
{"type":"Feature","properties":{"fid":80297.0,"OBJECTID":83630.0,"COORD_X":404608.94770212,"COORD_Y":7409333.0658684298,"LONGITUDE":-51.9337193,"LATITUDE":-23.42309882,"ESQUINA":"N"},"geometry":{"type":"MultiPolygon","coordinates":[[[[404615.712799999862909,7409352.951299999840558],[404615.433000000193715,7409338.736399999819696],[404615.39159999974072,7409312.821999999694526],[404615.389000000432134,7409312.621799999848008],[404602.153699999675155,7409312.690700000151992],[404602.693099999800324,7409352.94620000012219],[404615.712799999862909,7409352.951299999840558]]]]}},
{"type":"Feature","properties":{"fid":80315.0,"OBJECTID":83908.0,"COORD_X":404827.67232692998,"COORD_Y":7409531.4230593387,"LONGITUDE":-51.93156603,"LATITUDE":-23.42132009,"ESQUINA":"N"},"geometry":{"type":"MultiPolygon","coordinates":[[[[404820.236899999901652,7409511.582600000314415],[404820.315799999982119,7409551.455699999816716],[404835.03110000025481,7409551.302199999801815],[404835.113300000317395,7409511.8733],[404835.110799999907613,7409511.496899999678135],[404820.236899999901652,7409511.582600000314415]]]]}},
{"type":"Feature","properties":{"fid":80316.0,"OBJECTID":83909.0,"COORD_X":404813.07705131004,"COORD_Y":7409531.5285481997,"LONGITUDE":-51.93170887,"LATITUDE":-23.42131828,"ESQUINA":"N"},"geometry":{"type":"MultiPolygon","coordinates":[[[[404820.236899999901652,7409511.582600000314415],[404805.737099999561906,7409511.6661],[404806.027400000020862,7409551.604799999855459],[404820.315799999982119,7409551.455699999816716],[404820.236899999901652,7409511.582600000314415]]]]}},
{"type":"Feature","properties":{"fid":80317.0,"OBJECTID":83910.0,"COORD_X":404798.48511925997,"COORD_Y":7409531.79429405,"LONGITUDE":-51.93185166,"LATITUDE":-23.42131503,"ESQUINA":"N"},"geometry":{"type":"MultiPolygon","coordinates":[[[[404791.018000000156462,7409551.761400000192225],[404806.027400000020862,7409551.604799999855459],[404805.737099999561906,7409511.6661],[404791.16579999960959,7409511.75],[404791.018000000156462,7409551.761400000192225]]]]}},
{"type":"Feature","properties":{"fid":80318.0,"OBJECTID":83911.0,"COORD_X":404784.04590249999,"COORD_Y":7409531.7631168896,"LONGITUDE":-51.93199298,"LATITUDE":-23.42131447,"ESQUINA":"N"},"geometry":{"type":"MultiPolygon","coordinates":[[[[404777.034199999645352,7409551.907200000248849],[404791.018000000156462,7409551.761400000192225],[404791.16579999960959,7409511.75],[404776.989299999549985,7409511.8317],[404776.973100000061095,7409511.831799999810755],[404777.034199999645352,7409551.907200000248849]]]]}},
{"type":"Feature","properties":{"fid":82530.0,"OBJECTID":87441.0,"COORD_X":404366.95450259,"COORD_Y":7409197.6613429803,"LONGITUDE":-51.93609638,"LATITUDE":-23.42430758,"ESQUINA":"N"},"geometry":{"type":"MultiPolygon","coordinates":[[[[404346.928199999965727,7409191.254099999554455],[404347.037700000219047,7409204.400100000202656],[404386.857300000265241,7409204.111700000241399],[404386.929999999701977,7409190.900000000372529],[404367.743400000035763,7409191.069899999536574],[404346.928199999965727,7409191.254099999554455]]]]}},
{"type":"Feature","properties":{"fid":82531.0,"OBJECTID":87442.0,"COORD_X":404393.26115236001,"COORD_Y":7409184.0491952198,"LONGITUDE":-51.93583977,"LATITUDE":-23.42443207,"ESQUINA":"N"},"geometry":{"type":"MultiPolygon","coordinates":[[[[404386.857300000265241,7409204.111700000241399],[404399.733099999837577,7409204.018500000238419],[404399.374099999666214,7409163.6793],[404387.079199999570847,7409163.76659999974072],[404386.929999999701977,7409190.900000000372529],[404386.857300000265241,7409204.111700000241399]]]]}},
{"type":"Feature","properties":{"fid":82532.0,"OBJECTID":87443.0,"COORD_X":404406.19946402998,"COORD_Y":7409183.7886601202,"LONGITUDE":-51.93571315,"LATITUDE":-23.42443518,"ESQUINA":"N"},"geometry":{"type":"MultiPolygon","coordinates":[[[[404412.691100000403821,7409163.58490000013262],[404399.374099999666214,7409163.6793],[404399.733099999837577,7409204.018500000238419],[404413.000199999660254,7409203.922399999573827],[404412.691100000403821,7409163.58490000013262]]]]}},
{"type":"Feature","properties":{"fid":82533.0,"OBJECTID":87444.0,"COORD_X":404419.35426938999,"COORD_Y":7409183.6317318501,"LONGITUDE":-51.93558441,"LATITUDE":-23.42443737,"ESQUINA":"N"},"geometry":{"type":"MultiPolygon","coordinates":[[[[404412.691100000403821,7409163.58490000013262],[404413.000199999660254,7409203.922399999573827],[404425.872399999760091,7409203.829199999570847],[404425.854799999855459,7409163.491499999538064],[404412.691100000403821,7409163.58490000013262]]]]}},
{"type":"Feature","properties":{"fid":82534.0,"OBJECTID":87445.0,"COORD_X":404438.91015895997,"COORD_Y":7409183.5794382002,"LONGITUDE":-51.93539301,"LATITUDE":-23.42443899,"ESQUINA":"N"},"geometry":{"type":"MultiPolygon","coordinates":[[[[404451.993400000035763,7409196.14850000012666],[404451.899299999698997,7409163.306699999608099],[404425.854799999855459,7409163.491499999538064],[404425.872399999760091,7409203.829199999570847],[404438.737399999983609,7409203.735999999567866],[404452.014899999834597,7409203.639899999834597],[404451.993400000035763,7409196.14850000012666]]]]}},
{"type":"Feature","properties":{"fid":82535.0,"OBJECTID":87446.0,"COORD_X":404484.72271667997,"COORD_Y":7409168.8945257887,"LONGITUDE":-51.93494556,"LATITUDE":-23.4245743,"ESQUINA":"S"},"geometry":{"type":"MultiPolygon","coordinates":[[[[404477.636199999600649,7409163.124099999666214],[404477.775999999605119,7409174.601300000213087],[404487.887299999594688,7409174.802000000141561],[404491.646599999628961,7409174.8766],[404491.682300000451505,7409163.024500000290573],[404477.636199999600649,7409163.124099999666214]]]]}},
{"type":"Feature","properties":{"fid":82536.0,"OBJECTID":87447.0,"COORD_X":404484.62903298001,"COORD_Y":7409177.7744061602,"LONGITUDE":-51.93494591,"LATITUDE":-23.4244941,"ESQUINA":"N"},"geometry":{"type":"MultiPolygon","coordinates":[[[[404491.646599999628961,7409174.8766],[404487.887299999594688,7409174.802000000141561],[404477.775999999605119,7409174.601300000213087],[404477.853199999779463,7409180.935600000433624],[404487.809000000357628,7409180.764000000432134],[404491.628999999724329,7409180.698200000450015],[404491.646599999628961,7409174.8766]]]]}},
{"type":"Feature","properties":{"fid":82537.0,"OBJECTID":87448.0,"COORD_X":404484.81655791,"COORD_Y":7409183.7298447797,"LONGITUDE":-51.9349437,"LATITUDE":-23.42444032,"ESQUINA":"N"},"geometry":{"type":"MultiPolygon","coordinates":[[[[404487.809000000357628,7409180.764000000432134],[404477.853199999779463,7409180.935600000433624],[404477.9222999997437,7409186.60840000025928],[404487.731399999931455,7409186.667700000107288],[404491.61089999973774,7409186.691200000233948],[404491.628999999724329,7409180.698200000450015],[404487.809000000357628,7409180.764000000432134]]]]}},
{"type":"Feature","properties":{"fid":82538.0,"OBJECTID":87449.0,"COORD_X":404484.75922850001,"COORD_Y":7409191.2109316001,"LONGITUDE":-51.93494378,"LATITUDE":-23.42437275,"ESQUINA":"N"},"geometry":{"type":"MultiPolygon","coordinates":[[[[404491.61089999973774,7409186.691200000233948],[404487.731399999931455,7409186.667700000107288],[404477.9222999997437,7409186.60840000025928],[404478.035000000149012,7409195.8618],[404487.611899999901652,7409195.756400000303984],[404491.583700000308454,7409195.714200000278652],[404491.61089999973774,7409186.691200000233948]]]]}},
{"type":"Feature","properties":{"fid":82539.0,"OBJECTID":87450.0,"COORD_X":404471.87955181999,"COORD_Y":7409203.5561402803,"LONGITUDE":-51.93506906,"LATITUDE":-23.42426049,"ESQUINA":"N"},"geometry":{"type":"MultiPolygon","coordinates":[[[[404451.993400000035763,7409196.14850000012666],[404452.014899999834597,7409203.639899999834597],[404451.994099999777973,7409211.1776],[404452.989599999971688,7409211.17879999987781],[404477.874099999666214,7409211.18790000025183],[404487.408999999985099,7409211.191399999894202],[404491.536999999545515,7409211.19400000013411],[404491.583700000308454,7409195.714200000278652],[404487.611899999901652,7409195.756400000303984],[404478.035000000149012,7409195.8618],[404451.993400000035763,7409196.14850000012666]]]]}},
{"type":"Feature","properties":{"fid":82853.0,"OBJECTID":87068.0,"COORD_X":404302.13747484994,"COORD_Y":7409224.5379093597,"LONGITUDE":-51.93672906,"LATITUDE":-23.42406104,"ESQUINA":"S"},"geometry":{"type":"MultiPolygon","coordinates":[[[[404287.086600000038743,7409204.571899999864399],[404286.93709999974817,7409244.4441],[404317.542000000365078,7409244.322599999606609],[404316.996700000017881,7409204.50789999961853],[404287.086600000038743,7409204.571899999864399]]]]}},
{"type":"Feature","properties":{"fid":83078.0,"OBJECTID":87118.0,"COORD_X":404481.32655694999,"COORD_Y":7409434.7340850998,"LONGITUDE":-51.93496192,"LATITUDE":-23.42217311,"ESQUINA":"S"},"geometry":{"type":"MultiPolygon","coordinates":[[[[404492.26549999974668,7409453.956199999898672],[404492.002999999560416,7409420.836500000208616],[404478.690100000239909,7409420.975700000301003],[404466.04839999973774,7409421.108],[404466.102099999785423,7409437.367200000211596],[404478.96239999961108,7409437.231499999761581],[404479.242700000293553,7409453.966799999587238],[404492.26549999974668,7409453.956199999898672]]]]}},
{"type":"Feature","properties":{"fid":83079.0,"OBJECTID":87119.0,"COORD_X":404472.62447843998,"COORD_Y":7409445.6597080696,"LONGITUDE":-51.93504639,"LATITUDE":-23.42207392,"ESQUINA":"N"},"geometry":{"type":"MultiPolygon","coordinates":[[[[404478.96239999961108,7409437.231499999761581],[404466.102099999785423,7409437.367200000211596],[404466.156999999657273,7409453.9775],[404479.242700000293553,7409453.966799999587238],[404478.96239999961108,7409437.231499999761581]]]]}},
{"type":"Feature","properties":{"fid":83080.0,"OBJECTID":87120.0,"COORD_X":404459.58291512,"COORD_Y":7409437.5485823499,"LONGITUDE":-51.93517455,"LATITUDE":-23.42214641,"ESQUINA":"N"},"geometry":{"type":"MultiPolygon","coordinates":[[[[404466.102099999785423,7409437.367200000211596],[404466.04839999973774,7409421.108],[404452.927000000141561,7409421.245199999772012],[404453.183299999684095,7409453.988099999725819],[404466.156999999657273,7409453.9775],[404466.102099999785423,7409437.367200000211596]]]]}},
{"type":"Feature","properties":{"fid":83081.0,"OBJECTID":87121.0,"COORD_X":404433.54597064003,"COORD_Y":7409433.9319693604,"LONGITUDE":-51.93542961,"LATITUDE":-23.42217755,"ESQUINA":"N"},"geometry":{"type":"MultiPolygon","coordinates":[[[[404440.026600000448525,7409453.998800000175834],[404439.705900000408292,7409414.011400000192225],[404426.914300000295043,7409414.030399999581277],[404427.540000000037253,7409454.00899999961257],[404440.026600000448525,7409453.998800000175834]]]]}},
{"type":"Feature","properties":{"fid":83082.0,"OBJECTID":87122.0,"COORD_X":404420.59489354002,"COORD_Y":7409434.0996148596,"LONGITUDE":-51.93555635,"LATITUDE":-23.42217528,"ESQUINA":"N"},"geometry":{"type":"MultiPolygon","coordinates":[[[[404414.129200000315905,7409454.019899999722838],[404427.30460000038147,7409454.009200000204146],[404427.540000000037253,7409454.00899999961257],[404426.914300000295043,7409414.030399999581277],[404413.791600000113249,7409414.0499],[404414.129200000315905,7409454.019899999722838]]]]}},
{"type":"Feature","properties":{"fid":83083.0,"OBJECTID":87123.0,"COORD_X":404407.43295798003,"COORD_Y":7409434.0429636203,"LONGITUDE":-51.93568518,"LATITUDE":-23.42217502,"ESQUINA":"N"},"geometry":{"type":"MultiPolygon","coordinates":[[[[404413.791600000113249,7409414.0499],[404400.737300000153482,7409414.06940000038594],[404400.9523,7409439.680200000293553],[404401.072700000368059,7409454.030500000342727],[404414.129200000315905,7409454.019899999722838],[404413.791600000113249,7409414.0499]]]]}},
{"type":"Feature","properties":{"fid":83111.0,"OBJECTID":87894.0,"COORD_X":404290.81840301998,"COORD_Y":7409447.2226443104,"LONGITUDE":-51.93682567,"LATITUDE":-23.42204914,"ESQUINA":"N"},"geometry":{"type":"MultiPolygon","coordinates":[[[[404302.231800000183284,7409440.229899999685585],[404279.431599999777973,7409440.28870000038296],[404279.405899999663234,7409454.255400000140071],[404302.260099999606609,7409454.1047],[404302.232599999755621,7409443.414900000207126],[404302.231800000183284,7409440.229899999685585]]]]}},
{"type":"Feature","properties":{"fid":83112.0,"OBJECTID":87895.0,"COORD_X":404272.76900309999,"COORD_Y":7409434.3593361089,"LONGITUDE":-51.93700315,"LATITUDE":-23.42216426,"ESQUINA":"N"},"geometry":{"type":"MultiPolygon","coordinates":[[[[404279.405899999663234,7409454.255400000140071],[404279.431599999777973,7409440.28870000038296],[404279.455299999564886,7409427.360399999655783],[404279.478900000452995,7409414.4945],[404278.605399999767542,7409414.502100000157952],[404265.996100000105798,7409414.612099999561906],[404266.192300000227988,7409454.3426],[404279.405899999663234,7409454.255400000140071]]]]}},
{"type":"Feature","properties":{"fid":83551.0,"OBJECTID":87533.0,"COORD_X":404400.12164864998,"COORD_Y":7409224.0795392301,"LONGITUDE":-51.93577008,"LATITUDE":-23.42407093,"ESQUINA":"N"},"geometry":{"type":"MultiPolygon","coordinates":[[[[404386.987300000153482,7409216.943400000222027],[404387.263600000180304,7409244.220599999651313],[404413.352800000458956,7409244.091300000436604],[404413.000199999660254,7409203.922399999573827],[404399.733099999837577,7409204.018500000238419],[404386.857300000265241,7409204.111700000241399],[404386.987300000153482,7409216.943400000222027]]]]}},
{"type":"Feature","properties":{"fid":83552.0,"OBJECTID":87534.0,"COORD_X":404367.06631982001,"COORD_Y":7409210.6145523302,"LONGITUDE":-51.93609446,"LATITUDE":-23.4241906,"ESQUINA":"N"},"geometry":{"type":"MultiPolygon","coordinates":[[[[404347.037700000219047,7409204.400100000202656],[404347.142500000074506,7409217.0016],[404386.987300000153482,7409216.943400000222027],[404386.857300000265241,7409204.111700000241399],[404347.037700000219047,7409204.400100000202656]]]]}},
{"type":"Feature","properties":{"fid":83553.0,"OBJECTID":87535.0,"COORD_X":404367.24705234001,"COORD_Y":7409293.9748827098,"LONGITUDE":-51.93608739,"LATITUDE":-23.42343772,"ESQUINA":"S"},"geometry":{"type":"MultiPolygon","coordinates":[[[[404387.044300000183284,7409273.760900000110269],[404369.265399999916553,7409273.85010000038892],[404349.169999999925494,7409273.950899999588728],[404347.305700000375509,7409275.486200000159442],[404347.284900000318885,7409314.0784],[404387.259399999864399,7409313.951299999840558],[404387.167700000107288,7409296.811599999666214],[404387.121899999678135,7409288.260800000280142],[404387.044300000183284,7409273.760900000110269]]]]}},
{"type":"Feature","properties":{"fid":83554.0,"OBJECTID":87537.0,"COORD_X":404406.28994971002,"COORD_Y":7409293.7700604098,"LONGITUDE":-51.93570528,"LATITUDE":-23.42344186,"ESQUINA":"N"},"geometry":{"type":"MultiPolygon","coordinates":[[[[404387.259399999864399,7409313.951299999840558],[404400.456600000150502,7409313.909300000406802],[404425.481399999931455,7409313.829800000414252],[404425.352500000037253,7409273.568699999712408],[404387.044300000183284,7409273.760900000110269],[404387.121899999678135,7409288.260800000280142],[404387.167700000107288,7409296.811599999666214],[404387.259399999864399,7409313.951299999840558]]]]}},
{"type":"Feature","properties":{"fid":83555.0,"OBJECTID":87538.0,"COORD_X":404438.90019035002,"COORD_Y":7409293.6268247496,"LONGITUDE":-51.93538612,"LATITUDE":-23.42344507,"ESQUINA":"N"},"geometry":{"type":"MultiPolygon","coordinates":[[[[404452.373700000345707,7409313.744300000369549],[404452.375300000421703,7409306.1381],[404452.38219999987632,7409273.4331],[404425.352500000037253,7409273.568699999712408],[404425.481399999931455,7409313.829800000414252],[404426.21059999987483,7409313.827399999834597],[404452.373700000345707,7409313.744300000369549]]]]}},
{"type":"Feature","properties":{"fid":83556.0,"OBJECTID":87539.0,"COORD_X":404458.81671872002,"COORD_Y":7409289.8934997199,"LONGITUDE":-51.93519143,"LATITUDE":-23.42347995,"ESQUINA":"N"},"geometry":{"type":"MultiPolygon","coordinates":[[[[404452.38219999987632,7409273.4331],[404452.375300000421703,7409306.1381],[404465.500799999572337,7409306.193900000303984],[404464.989599999971688,7409273.369900000281632],[404452.38219999987632,7409273.4331]]]]}},
{"type":"Feature","properties":{"fid":83557.0,"OBJECTID":87540.0,"COORD_X":404478.32453071,"COORD_Y":7409289.7406497812,"LONGITUDE":-51.93500051,"LATITUDE":-23.42348247,"ESQUINA":"S"},"geometry":{"type":"MultiPolygon","coordinates":[[[[404491.42090000025928,7409306.303999999538064],[404491.364599999971688,7409274.447499999776483],[404490.293700000271201,7409273.2429],[404464.989599999971688,7409273.369900000281632],[404465.500799999572337,7409306.193900000303984],[404491.42090000025928,7409306.303999999538064]]]]}},
{"type":"Feature","properties":{"fid":83558.0,"OBJECTID":87541.0,"COORD_X":404471.87551640999,"COORD_Y":7409313.57993613,"LONGITUDE":-51.93506211,"LATITUDE":-23.42326679,"ESQUINA":"N"},"geometry":{"type":"MultiPolygon","coordinates":[[[[404491.450699999928474,7409307.0801],[404491.42090000025928,7409306.303999999538064],[404465.500799999572337,7409306.193900000303984],[404452.375300000421703,7409306.1381],[404452.373700000345707,7409313.744300000369549],[404452.372200000099838,7409320.9545],[404465.257299999706447,7409320.942300000227988],[404478.195899999700487,7409320.930100000463426],[404491.487200000323355,7409320.917500000447035],[404491.450699999928474,7409307.0801]]]]}},
{"type":"Feature","properties":{"fid":83559.0,"OBJECTID":87542.0,"COORD_X":404484.96353736997,"COORD_Y":7409337.0538118798,"LONGITUDE":-51.93493252,"LATITUDE":-23.42305554,"ESQUINA":"S"},"geometry":{"type":"MultiPolygon","coordinates":[[[[404491.487200000323355,7409320.917500000447035],[404478.195899999700487,7409320.930100000463426],[404478.291899999603629,7409328.433000000193715],[404478.387900000438094,7409335.9348],[404478.485799999907613,7409343.585799999535084],[404478.610799999907613,7409353.362700000405312],[404491.572499999776483,7409353.275600000284612],[404491.487200000323355,7409320.917500000447035]]]]}},
{"type":"Feature","properties":{"fid":83560.0,"OBJECTID":87543.0,"COORD_X":404439.31179318001,"COORD_Y":7409333.6236002203,"LONGITUDE":-51.93537955,"LATITUDE":-23.42308385,"ESQUINA":"N"},"geometry":{"type":"MultiPolygon","coordinates":[[[[404426.21059999987483,7409313.827399999834597],[404426.541500000283122,7409353.712600000202656],[404452.091699999757111,7409353.540900000371039],[404452.372200000099838,7409320.9545],[404452.373700000345707,7409313.744300000369549],[404426.21059999987483,7409313.827399999834597]]]]}},
{"type":"Feature","properties":{"fid":83561.0,"OBJECTID":87544.0,"COORD_X":404458.73232830002,"COORD_Y":7409337.2730630599,"LONGITUDE":-51.93518924,"LATITUDE":-23.42305203,"ESQUINA":"N"},"geometry":{"type":"MultiPolygon","coordinates":[[[[404465.257299999706447,7409320.942300000227988],[404452.372200000099838,7409320.9545],[404452.091699999757111,7409353.540900000371039],[404465.219100000336766,7409353.4527000002563],[404465.257299999706447,7409320.942300000227988]]]]}},
{"type":"Feature","properties":{"fid":83562.0,"OBJECTID":87545.0,"COORD_X":404718.97069116001,"COORD_Y":7409412.8665653896,"LONGITUDE":-51.93263742,"LATITUDE":-23.42238451,"ESQUINA":"S"},"geometry":{"type":"MultiPolygon","coordinates":[[[[404690.557300000451505,7409374.124699999578297],[404691.112599999643862,7409452.25789999961853],[404747.213000000454485,7409452.106999999843538],[404746.99129999987781,7409411.838499999605119],[404746.777599999681115,7409373.0378],[404690.557300000451505,7409374.124699999578297]]]]}},
{"type":"Feature","properties":{"fid":83563.0,"OBJECTID":87546.0,"COORD_X":404878.03786064999,"COORD_Y":7409432.2601910997,"LONGITUDE":-51.93107936,"LATITUDE":-23.42221864,"ESQUINA":"S"},"geometry":{"type":"MultiPolygon","coordinates":[[[[404876.91579999960959,7409411.466400000266731],[404862.952800000086427,7409411.506400000303984],[404863.101300000213087,7409452.9847],[404889.564799999818206,7409453.100499999709427],[404893.171299999579787,7409452.7473],[404892.900799999944866,7409411.420599999837577],[404876.91579999960959,7409411.466400000266731]]]]}},
{"type":"Feature","properties":{"fid":83647.0,"OBJECTID":87551.0,"COORD_X":404517.92149312008,"COORD_Y":7409389.4919492695,"LONGITUDE":-51.93460662,"LATITUDE":-23.42258387,"ESQUINA":"S"},"geometry":{"type":"MultiPolygon","coordinates":[[[[404524.974100000225008,7409373.169499999843538],[404513.739000000059605,7409373.185399999842048],[404510.818400000222027,7409375.426300000399351],[404510.928600000217557,7409405.7358],[404524.80599999986589,7409405.647599999792874],[404524.974100000225008,7409373.2736],[404524.974100000225008,7409373.169499999843538]]]]}},
{"type":"Feature","properties":{"fid":83650.0,"OBJECTID":87554.0,"COORD_X":404635.07027571002,"COORD_Y":7409229.0338795502,"LONGITUDE":-51.93347023,"LATITUDE":-23.42403994,"ESQUINA":"S"},"geometry":{"type":"MultiPolygon","coordinates":[[[[404615.2955,7409215.834800000302494],[404615.235600000247359,7409242.55489999987185],[404654.854000000283122,7409242.2681],[404654.854700000025332,7409215.464700000360608],[404615.2955,7409215.834800000302494]]]]}},
{"type":"Feature","properties":{"fid":84089.0,"OBJECTID":87393.0,"COORD_X":404643.94728845003,"COORD_Y":7409285.7690140801,"LONGITUDE":-51.93337975,"LATITUDE":-23.42352804,"ESQUINA":"S"},"geometry":{"type":"MultiPolygon","coordinates":[[[[404656.670099999755621,7409299.4391],[404656.586199999786913,7409274.0592],[404652.181400000117719,7409271.539099999703467],[404631.510700000450015,7409271.801900000311434],[404631.416899999603629,7409299.851300000213087],[404656.670099999755621,7409299.4391]]]]}},
{"type":"Feature","properties":{"fid":84090.0,"OBJECTID":87394.0,"COORD_X":404636.12176096998,"COORD_Y":7409306.2406059187,"LONGITUDE":-51.93345504,"LATITUDE":-23.42334269,"ESQUINA":"N"},"geometry":{"type":"MultiPolygon","coordinates":[[[[404623.263899999670684,7409299.984400000423193],[404615.224000000394881,7409300.115600000135601],[404615.389000000432134,7409312.621799999848008],[404615.39159999974072,7409312.821999999694526],[404656.713600000366569,7409312.604299999773502],[404656.670099999755621,7409299.4391],[404631.416899999603629,7409299.851300000213087],[404623.263899999670684,7409299.984400000423193]]]]}},
{"type":"Feature","properties":{"fid":84091.0,"OBJECTID":87395.0,"COORD_X":404636.07267689001,"COORD_Y":7409325.6508280803,"LONGITUDE":-51.93345429,"LATITUDE":-23.42316738,"ESQUINA":"N"},"geometry":{"type":"MultiPolygon","coordinates":[[[[404615.39159999974072,7409312.821999999694526],[404615.433000000193715,7409338.736399999819696],[404628.9682,7409338.6365],[404656.798999999649823,7409338.431099999696016],[404656.713600000366569,7409312.604299999773502],[404615.39159999974072,7409312.821999999694526]]]]}},
{"type":"Feature","properties":{"fid":84092.0,"OBJECTID":87396.0,"COORD_X":404642.83294404001,"COORD_Y":7409345.8548882296,"LONGITUDE":-51.93338685,"LATITUDE":-23.4229853,"ESQUINA":"S"},"geometry":{"type":"MultiPolygon","coordinates":[[[[404655.10329999960959,7409352.966699999757111],[404656.840900000184774,7409351.095099999569356],[404656.798999999649823,7409338.431099999696016],[404628.9682,7409338.6365],[404629.024600000120699,7409352.956500000320375],[404655.10329999960959,7409352.966699999757111]]]]}},
{"type":"Feature","properties":{"fid":84093.0,"OBJECTID":87397.0,"COORD_X":404622.28389755002,"COORD_Y":7409346.0545776105,"LONGITUDE":-51.93358795,"LATITUDE":-23.42298229,"ESQUINA":"N"},"geometry":{"type":"MultiPolygon","coordinates":[[[[404629.024600000120699,7409352.956500000320375],[404628.9682,7409338.6365],[404615.433000000193715,7409338.736399999819696],[404615.712799999862909,7409352.951299999840558],[404629.024600000120699,7409352.956500000320375]]]]}}
]
}
